Date,Brent_Price,Daily_Volatility,WeeklyAttackFreq,daily_attacks,tanker_attacks,chokepoint_attacks,fatalities,weekly_attack_freq,brent_return_pct,brent_abs_return,Price_T-2,Price_T-1,Price_T0,Price_T+1,Price_T+2,Price_T+3,Price_T+4,Price_T+5,SPR_Release_Volume,OPEC_Dummy,RussiaUkraine_Dummy,IranIsrael_Escalation,Baker_Hughes_Rigs,China_PMI,DXY,OVX
2023-10-02,91.21,,0.0,0,0,0,0,0.0,,,,,91.21,94.46,89.83,88.28,87.86,91.37,0.0,0,0,0,616.0,49.5,106.9000015,32.0
2023-10-03,94.46,3.501192427590409,0.0,0,0,0,0,0.0,3.501192427590409,3.501192427590409,,91.21,94.46,89.83,88.28,87.86,91.37,90.7,0.0,0,0,0,616.0,49.5,107.0,33.25
2023-10-04,89.83,5.025746922685571,0.0,0,0,0,0,0.0,-5.025746922685571,5.025746922685571,91.21,94.46,89.83,88.28,87.86,91.37,90.7,87.58,0.0,0,0,0,616.0,49.5,106.8000031,35.34999847
2023-10-05,88.28,1.740541385257957,0.0,0,0,0,0,0.0,-1.740541385257957,1.740541385257957,94.46,89.83,88.28,87.86,91.37,90.7,87.58,88.4,0.0,0,0,0,616.0,49.5,106.3300018,36.59000015
2023-10-06,87.86,0.4768942840902159,0.0,0,0,0,0,0.0,-0.4768942840902159,0.4768942840902159,89.83,88.28,87.86,91.37,90.7,87.58,88.4,94.33,0.0,0,0,0,616.0,49.5,106.0400009,35.68000031
2023-10-09,91.37,3.91725584628957,0.0,0,0,0,0,0.0,3.91725584628957,3.91725584628957,88.28,87.86,91.37,90.7,87.58,88.4,94.33,90.99,0.0,0,0,0,616.0,49.5,106.0800018,39.84999847
2023-10-10,90.7,0.7359839889438345,0.0,0,0,0,0,0.0,-0.7359839889438345,0.7359839889438345,87.86,91.37,90.7,87.58,88.4,94.33,90.99,92.52,0.0,0,0,0,616.0,49.5,105.8300018,39.54000092
2023-10-11,87.58,3.5004695747838657,0.0,0,0,0,0,0.0,-3.5004695747838657,3.5004695747838657,91.37,90.7,87.58,88.4,94.33,90.99,92.52,91.99,0.0,0,0,0,616.0,49.5,105.8199997,38.93999863
2023-10-12,88.4,0.9319308270345508,0.0,0,0,0,0,0.0,0.9319308270345508,0.9319308270345508,90.7,87.58,88.4,94.33,90.99,92.52,91.99,93.12,0.0,0,0,0,616.0,49.5,106.5699997,38.52000046
2023-10-13,94.33,6.4927303018164055,0.0,0,0,0,0,0.0,6.4927303018164055,6.4927303018164055,87.58,88.4,94.33,90.99,92.52,91.99,93.12,93.72,0.0,0,0,0,616.0,49.5,106.6500015,44.24000168
2023-10-16,90.99,3.6049662293162448,0.0,0,0,0,0,0.0,-3.6049662293162448,3.6049662293162448,88.4,94.33,90.99,92.52,91.99,93.12,93.72,91.88,0.0,0,0,0,616.0,49.5,106.2399979,40.70000076
2023-10-17,92.52,1.6675226994638952,0.0,0,0,0,0,0.0,1.6675226994638952,1.6675226994638952,94.33,90.99,92.52,91.99,93.12,93.72,91.88,88.0,0.0,0,0,0,616.0,49.5,106.25,41.36999893
2023-10-18,91.99,0.5744961874172521,0.0,0,0,0,0,0.0,-0.5744961874172521,0.5744961874172521,90.99,92.52,91.99,93.12,93.72,91.88,88.0,90.14,0.0,0,0,0,616.0,49.5,106.5699997,44.40000153
2023-10-19,93.12,1.220910849406182,1.0,1,0,0,0,1.0,1.220910849406182,1.220910849406182,92.52,91.99,93.12,93.72,91.88,88.0,90.14,88.45,0.0,0,0,0,616.0,49.5,106.25,45.70000076
2023-10-20,93.72,0.6422629656467193,1.0,0,0,0,0,1.0,0.6422629656467193,0.6422629656467193,91.99,93.12,93.72,91.88,88.0,90.14,88.45,90.73,80667.0,0,0,0,616.0,49.5,106.1600037,43.79000092
2023-10-23,91.88,1.982823581869744,1.0,0,0,0,0,1.0,-1.982823581869744,1.982823581869744,93.12,93.72,91.88,88.0,90.14,88.45,90.73,90.73,80667.0,0,0,0,616.0,49.5,105.5400009,41.74000168
2023-10-24,88.0,4.3146563342691,1.0,0,0,0,0,1.0,-4.3146563342691,4.3146563342691,93.72,91.88,88.0,90.14,88.45,90.73,90.73,86.82,80667.0,0,0,0,616.0,49.5,106.2699966,41.08000183
2023-10-25,90.14,2.402720278429583,1.0,0,0,0,0,1.0,2.402720278429583,2.402720278429583,91.88,88.0,90.14,88.45,90.73,90.73,86.82,86.92,80667.0,0,0,0,616.0,49.5,106.5299988,44.90999985
2023-10-26,88.45,1.8926596656707937,1.0,0,0,0,0,1.0,-1.8926596656707937,1.8926596656707937,88.0,90.14,88.45,90.73,90.73,86.82,86.92,89.02,80667.0,0,0,0,616.0,49.5,106.5999985,43.93000031
2023-10-27,90.73,2.5450642575743188,1.0,0,0,0,0,1.0,2.5450642575743188,2.5450642575743188,90.14,88.45,90.73,90.73,86.82,86.92,89.02,87.55,0.0,0,0,0,616.0,49.5,106.5599976,46.63999939
2023-10-30,90.73,0.0,0.0,0,0,0,0,0.0,0.0,0.0,88.45,90.73,90.73,86.82,86.92,89.02,87.55,87.31,0.0,0,0,0,616.0,49.5,106.1200027,44.00999832
2023-10-31,86.82,4.405105331009015,0.0,0,0,0,0,0.0,-4.405105331009015,4.405105331009015,90.73,90.73,86.82,86.92,89.02,87.55,87.31,83.43,0.0,0,0,0,616.0,49.5,106.6600037,41.99000168
2023-11-01,86.92,0.1151145516781472,0.0,0,0,0,0,0.0,0.1151145516781472,0.1151145516781472,90.73,86.82,86.92,89.02,87.55,87.31,83.43,81.46,0.0,0,0,0,616.0,49.5,106.8799973,40.52000046
2023-11-02,89.02,2.3872908199479403,0.0,0,0,0,0,0.0,2.3872908199479403,2.3872908199479403,86.82,86.92,89.02,87.55,87.31,83.43,81.46,81.74,0.0,0,0,0,616.0,49.5,106.1200027,39.79000092
2023-11-03,87.55,1.665100485584737,0.0,0,0,0,0,0.0,-1.665100485584737,1.665100485584737,86.92,89.02,87.55,87.31,83.43,81.46,81.74,83.66,0.0,0,0,0,616.0,49.5,105.0199966,38.52999878
2023-11-06,87.31,0.2745054909144561,0.0,0,0,0,0,0.0,-0.2745054909144561,0.2745054909144561,89.02,87.55,87.31,83.43,81.46,81.74,83.66,84.09,0.0,0,0,0,616.0,49.5,105.2200012,36.31000137
2023-11-07,83.43,4.545704690873306,0.0,0,0,0,0,0.0,-4.545704690873306,4.545704690873306,87.55,87.31,83.43,81.46,81.74,83.66,84.09,84.2,0.0,0,0,0,616.0,49.5,105.5400009,38.72000122
2023-11-08,81.46,2.389585469371685,0.0,0,0,0,0,0.0,-2.389585469371685,2.389585469371685,87.31,83.43,81.46,81.74,83.66,84.09,84.2,82.4,0.0,0,0,0,616.0,49.5,105.5899963,40.43999863
2023-11-09,81.74,0.3431375915864679,0.0,0,0,0,0,0.0,0.3431375915864679,0.3431375915864679,83.43,81.46,81.74,83.66,84.09,84.2,82.4,77.73,0.0,0,0,0,616.0,49.5,105.9100037,41.22999954
2023-11-10,83.66,2.3217487877921164,0.0,0,0,0,0,0.0,2.3217487877921164,2.3217487877921164,81.46,81.74,83.66,84.09,84.2,82.4,77.73,81.22,21636.0,0,0,0,616.0,49.5,105.8600006,39.29000092
2023-11-13,84.09,0.5126687830754217,0.0,0,0,0,0,0.0,0.5126687830754217,0.5126687830754217,81.74,83.66,84.09,84.2,82.4,77.73,81.22,83.25,21636.0,0,0,0,615.8004926,49.5,105.6600037,39.40000153
2023-11-14,84.2,0.1307267403474404,0.0,0,0,0,0,0.0,0.1307267403474404,0.1307267403474404,83.66,84.09,84.2,82.4,77.73,81.22,83.25,82.42,21636.0,0,0,0,615.7339901,49.5,104.1100006,38.29000092
2023-11-15,82.4,2.160948433285499,1.0,1,0,0,0,1.0,-2.160948433285499,2.160948433285499,84.09,84.2,82.4,77.73,81.22,83.25,82.42,81.76,21636.0,0,0,0,615.6674877,49.5,104.3899994,39.50999832
2023-11-16,77.73,5.83441536732978,1.0,0,0,0,0,1.0,-5.83441536732978,5.83441536732978,84.2,82.4,77.73,81.22,83.25,82.42,81.76,80.85,21636.0,0,0,0,615.6009852,49.5,104.3700027,42.52999878
2023-11-17,81.22,4.392023901602327,1.0,0,0,0,0,1.0,4.392023901602327,4.392023901602327,82.4,77.73,81.22,83.25,82.42,81.76,80.85,79.82,0.0,0,0,0,615.5344828,49.5,103.8199997,40.43000031
2023-11-20,83.25,2.4686606602401433,2.0,1,0,0,0,2.0,2.4686606602401433,2.4686606602401433,77.73,81.22,83.25,82.42,81.76,80.85,79.82,79.49,0.0,0,0,0,615.3349754,49.5,103.4700012,39.0
2023-11-21,82.42,1.0020002949881852,2.0,0,0,0,0,2.0,-1.0020002949881852,1.0020002949881852,81.22,83.25,82.42,81.76,80.85,79.82,79.49,81.66,0.0,0,0,0,615.2684729,49.5,103.5899963,38.52000046
2023-11-22,81.76,0.803999945527698,2.0,0,0,0,0,2.0,-0.803999945527698,0.803999945527698,83.25,82.42,81.76,80.85,79.82,79.49,81.66,82.98,0.0,0,0,0,615.2019704,49.5,103.9199982,42.75999832
2023-11-23,80.85,1.119254043227858,3.0,1,0,0,0,3.0,-1.119254043227858,1.119254043227858,82.42,81.76,80.85,79.82,79.49,81.66,82.98,81.72,0.0,0,0,0,615.135468,49.5,97.72899478,24.28463734
2023-11-24,79.82,1.2821486402528,2.0,0,0,0,0,2.0,-1.2821486402528,1.2821486402528,81.76,80.85,79.82,79.49,81.66,82.98,81.72,78.72,20607.0,0,0,0,615.0689655,49.5,103.4000015,43.38000107
2023-11-27,79.49,0.414287203556651,4.0,2,1,0,0,4.0,-0.414287203556651,0.414287203556651,80.85,79.82,79.49,81.66,82.98,81.72,78.72,78.16,20607.0,1,0,0,614.8694581,49.5,103.1999969,43.90000153
2023-11-28,81.66,2.693305830640852,4.0,0,0,0,0,4.0,2.693305830640852,2.693305830640852,79.82,79.49,81.66,82.98,81.72,78.72,78.16,77.27,20607.0,1,0,0,614.8029557,49.5,102.75,43.13999939
2023-11-29,82.98,1.6035329013292177,4.0,1,0,1,0,4.0,1.6035329013292177,1.6035329013292177,79.49,81.66,82.98,81.72,78.72,78.16,77.27,74.33,20607.0,1,0,0,614.7364532,49.5,102.7699966,42.90000153
2023-11-30,81.72,1.53008449553006,4.0,0,0,0,0,4.0,-1.53008449553006,1.53008449553006,81.66,82.98,81.72,78.72,78.16,77.27,74.33,74.21,20607.0,1,0,0,614.6699507,49.4,103.5,39.40000153
2023-12-01,78.72,3.740151720542328,4.0,0,0,0,0,4.0,-3.740151720542328,3.740151720542328,82.98,81.72,78.72,78.16,77.27,74.33,74.21,75.94,0.0,1,0,0,614.6034483,49.4,103.2699966,35.70000076
2023-12-04,78.16,0.7139245009470764,8.0,5,0,4,0,8.0,-0.7139245009470764,0.7139245009470764,81.72,78.72,78.16,77.27,74.33,74.21,75.94,75.75,0.0,1,0,0,614.4039409,49.4,103.6399994,38.08000183
2023-12-05,77.27,1.145222578903481,8.0,0,0,0,0,8.0,-1.145222578903481,1.145222578903481,78.72,78.16,77.27,74.33,74.21,75.94,75.75,74.11,0.0,1,0,0,614.3374384,49.4,104.0500031,36.36000061
2023-12-06,74.33,3.8791143208290406,7.0,1,1,1,0,7.0,-3.8791143208290406,3.8791143208290406,78.16,77.27,74.33,74.21,75.94,75.75,74.11,74.14,0.0,0,0,0,614.270936,49.4,104.1500015,39.72000122
2023-12-07,74.21,0.1615726755159958,7.0,0,0,0,0,7.0,-0.1615726755159958,0.1615726755159958,77.27,74.33,74.21,75.94,75.75,74.11,74.14,77.05,0.0,0,0,0,614.2044335,49.4,103.5400009,37.81999969
2023-12-08,75.94,2.304464282161417,6.0,0,0,0,0,6.0,2.304464282161417,2.304464282161417,74.33,74.21,75.94,75.75,74.11,74.14,77.05,76.84,5011.0,0,0,0,614.137931,49.4,104.0100021,36.24000168
2023-12-11,75.75,0.2505110414177761,9.0,3,0,0,0,9.0,-0.2505110414177761,0.2505110414177761,74.21,75.94,75.75,74.11,74.14,77.05,76.84,78.89,5011.0,0,0,0,613.9384236,49.4,104.0999985,35.29999924
2023-12-12,74.11,2.1887968426211004,12.0,3,2,2,0,12.0,-2.1887968426211004,2.1887968426211004,75.94,75.75,74.11,74.14,77.05,76.84,78.89,79.82,5011.0,0,0,0,613.8719212,49.4,103.8700027,36.38000107
2023-12-13,74.14,0.0404721759318764,9.0,2,2,2,0,9.0,0.0404721759318764,0.0404721759318764,75.75,74.11,74.14,77.05,76.84,78.89,79.82,81.1,5011.0,0,0,0,613.8054187,49.4,102.8700027,36.59999847
2023-12-14,77.05,3.849936404353841,10.0,1,0,1,0,10.0,3.849936404353841,3.849936404353841,74.11,74.14,77.05,76.84,78.89,79.82,81.1,80.73,5011.0,0,0,0,613.7389163,49.4,101.9599991,33.97999954
2023-12-15,76.84,0.2729223865768745,11.0,2,0,2,0,11.0,-0.2729223865768745,0.2729223865768745,74.14,77.05,76.84,78.89,79.82,81.1,80.73,80.23,0.0,0,0,0,613.6724138,49.4,102.5500031,35.13000107
2023-12-18,78.89,2.632913920664238,16.0,5,1,3,0,16.0,2.632913920664238,2.632913920664238,77.05,76.84,78.89,79.82,81.1,80.73,80.23,80.97,0.0,0,0,0,613.4729064,49.4,102.5100021,37.09000015
2023-12-19,79.82,1.1719622513589518,16.0,0,0,0,0,16.0,1.1719622513589518,1.1719622513589518,76.84,78.89,79.82,81.1,80.73,80.23,80.97,79.04,0.0,0,0,0,613.4064039,49.4,102.1699982,35.04000092
2023-12-20,81.1,1.5908861500779397,13.0,0,0,0,0,13.0,1.5908861500779397,1.5908861500779397,78.89,79.82,81.1,80.73,80.23,80.97,79.04,77.69,0.0,0,0,0,613.3399015,49.4,102.4100037,34.97999954
2023-12-21,80.73,0.457270771444297,10.0,0,0,0,0,10.0,-0.457270771444297,0.457270771444297,79.82,81.1,80.73,80.23,80.97,79.04,77.69,76.24,0.0,0,0,0,613.273399,49.4,101.8399963,35.43999863
2023-12-22,80.23,0.6212743641359462,8.0,0,0,0,0,8.0,-0.6212743641359462,0.6212743641359462,81.1,80.73,80.23,80.97,79.04,77.69,76.24,77.18,15503.0,0,0,0,613.2068966,49.4,101.6999969,33.31999969
2023-12-27,80.97,0.9181205932458352,15.0,8,3,4,0,15.0,0.9181205932458352,0.9181205932458352,80.73,80.23,80.97,79.04,77.69,76.24,77.18,75.79,15503.0,0,0,0,612.8743842,49.4,100.9899979,35.40999985
2023-12-28,79.04,2.4124662258410563,14.0,1,0,0,0,14.0,-2.4124662258410563,2.4124662258410563,80.23,80.97,79.04,77.69,76.24,77.18,75.79,78.31,15503.0,0,0,0,612.8078818,49.4,101.2300034,36.45000076
2023-12-29,77.69,1.722750447728311,9.0,0,0,0,0,9.0,-1.722750447728311,1.722750447728311,80.97,79.04,77.69,76.24,77.18,75.79,78.31,75.47,0.0,0,0,0,612.7413793,49.4,101.3300018,36.22000122
2024-01-02,76.24,1.8840289616382733,17.0,8,0,3,10,17.0,-1.8840289616382733,1.8840289616382733,79.04,77.69,76.24,77.18,75.79,78.31,75.47,77.97,0.0,0,0,0,612.4753695,49.0,102.1999969,39.04999924
2024-01-03,77.18,1.2254096763526263,17.0,0,0,0,0,17.0,1.2254096763526263,1.2254096763526263,77.69,76.24,77.18,75.79,78.31,75.47,77.97,78.46,0.0,0,0,0,612.408867,49.0,102.4599991,38.22000122
2024-01-04,75.79,1.8173998285534985,18.0,1,0,0,0,18.0,-1.8173998285534985,1.8173998285534985,76.24,77.18,75.79,78.31,75.47,77.97,78.46,80.21,0.0,0,0,0,612.3423645,49.0,102.4199982,37.58000183
2024-01-05,78.31,3.2708950938908465,18.0,0,0,0,0,18.0,3.2708950938908465,3.2708950938908465,77.18,75.79,78.31,75.47,77.97,78.46,80.21,79.89,13555.0,0,0,0,612.2758621,49.0,102.4100037,36.06999969
2024-01-08,75.47,3.694008246606933,15.0,5,0,0,0,15.0,-3.694008246606933,3.694008246606933,75.79,78.31,75.47,77.97,78.46,80.21,79.89,79.76,13555.0,0,0,0,612.0763547,49.0,102.2099991,36.79000092
2024-01-09,77.97,3.2588911024731564,22.0,8,0,1,0,22.0,3.2588911024731564,3.2588911024731564,78.31,75.47,77.97,78.46,80.21,79.89,79.76,80.15,13555.0,0,0,0,612.0098522,49.0,102.5699997,36.09000015
2024-01-10,78.46,0.6264803459897833,22.0,0,0,0,0,22.0,0.6264803459897833,0.6264803459897833,75.47,77.97,78.46,80.21,79.89,79.76,80.15,78.88,13555.0,0,0,0,611.9433498,49.0,102.3600006,36.34999847
2024-01-11,80.21,2.205925459742664,15.0,1,0,0,0,15.0,2.205925459742664,2.205925459742664,77.97,78.46,80.21,79.89,79.76,80.15,78.88,81.04,13555.0,0,0,0,611.8768473,49.0,102.2900009,36.77999878
2024-01-12,79.89,0.3997506884882527,33.0,18,1,0,8,33.0,-0.3997506884882527,0.3997506884882527,78.46,80.21,79.89,79.76,80.15,78.88,81.04,80.71,0.0,0,0,0,611.8103448,49.0,102.4000015,40.63999939
2024-01-15,79.76,0.162856284036759,39.0,7,0,2,0,39.0,-0.162856284036759,0.162856284036759,80.21,79.89,79.76,80.15,78.88,81.04,80.71,81.7,0.0,0,0,0,611.6108374,49.0,97.75305599,30.43663525
2024-01-16,80.15,0.4877753401979042,42.0,3,0,1,0,42.0,0.4877753401979042,0.4877753401979042,79.89,79.76,80.15,78.88,81.04,80.71,81.7,82.04,0.0,0,0,0,611.544335,49.0,103.3600006,38.34000015
2024-01-17,78.88,1.597216876118207,44.0,7,0,0,0,44.0,-1.597216876118207,1.597216876118207,79.76,80.15,78.88,81.04,80.71,81.7,82.04,82.15,0.0,0,0,0,611.4778325,49.0,103.4499969,37.06000137
2024-01-18,81.04,2.701514964604801,39.0,3,1,0,0,39.0,2.701514964604801,2.701514964604801,80.15,78.88,81.04,80.71,81.7,82.04,82.15,82.33,0.0,0,0,0,611.41133,49.0,103.5400009,35.97999954
2024-01-19,80.71,0.4080376604147147,40.0,1,0,0,0,40.0,-0.4080376604147147,0.4080376604147147,78.88,81.04,80.71,81.7,82.04,82.15,82.33,83.34,90422.0,0,0,0,611.3448276,49.0,103.2900009,35.79000092
2024-01-22,81.7,1.219151852967632,47.0,8,0,1,0,47.0,1.219151852967632,1.219151852967632,81.04,80.71,81.7,82.04,82.15,82.33,83.34,83.99,90422.0,0,0,0,611.1453202,49.0,103.3300018,35.70999908
2024-01-23,82.04,0.415293133822269,29.0,0,0,0,0,29.0,0.415293133822269,0.415293133822269,80.71,81.7,82.04,82.15,82.33,83.34,83.99,84.14,90422.0,0,0,0,611.0788177,49.0,103.6200027,34.99000168
2024-01-24,82.15,0.1339911279097268,26.0,4,0,2,0,26.0,0.1339911279097268,0.1339911279097268,81.7,82.04,82.15,82.33,83.34,83.99,84.14,82.98,90422.0,0,0,0,611.0123153,49.0,103.2399979,33.99000168
2024-01-25,82.33,0.2188716827057533,23.0,0,0,0,0,23.0,0.2188716827057533,0.2188716827057533,82.04,82.15,82.33,83.34,83.99,84.14,82.98,82.2,90422.0,0,0,0,610.9458128,49.0,103.5699997,35.09999847
2024-01-26,83.34,1.2193064683972832,19.0,3,2,0,0,19.0,1.2193064683972832,1.2193064683972832,82.15,82.33,83.34,83.99,84.14,82.98,82.2,79.54,0.0,0,0,0,610.8793103,49.0,103.4700012,34.77999878
2024-01-29,83.99,0.7769118143228332,20.0,4,0,1,0,20.0,0.7769118143228332,0.7769118143228332,82.33,83.34,83.99,84.14,82.98,82.2,79.54,79.3,0.0,0,0,0,610.679803,49.0,103.6100006,36.31999969
2024-01-30,84.14,0.1784334024839184,20.0,1,0,0,0,20.0,0.1784334024839184,0.1784334024839184,83.34,83.99,84.14,82.98,82.2,79.54,79.3,81.18,0.0,0,0,0,610.6133005,49.0,103.4000015,36.18999863
2024-01-31,82.98,1.3882463257652955,13.0,1,0,0,0,13.0,-1.3882463257652955,1.3882463257652955,83.99,84.14,82.98,82.2,79.54,79.3,81.18,83.01,0.0,0,0,0,610.546798,49.2,103.2699966,37.25
2024-02-01,82.2,0.9444312842587592,18.0,5,0,0,0,18.0,-0.9444312842587592,0.9444312842587592,84.14,82.98,82.2,79.54,79.3,81.18,83.01,83.58,0.0,0,1,0,610.4802956,49.2,103.0500031,35.38000107
2024-02-02,79.54,3.2895262282589592,17.0,3,1,0,0,17.0,-3.2895262282589592,3.2895262282589592,82.98,82.2,79.54,79.3,81.18,83.01,83.58,83.88,0.0,0,1,0,610.4137931,49.2,103.9199982,34.84999847
2024-02-05,79.3,0.3021911138742342,33.0,16,0,2,0,33.0,-0.3021911138742342,0.3021911138742342,82.2,79.54,79.3,81.18,83.01,83.58,83.88,84.72,0.0,0,1,0,610.2142857,49.2,104.4499969,34.43000031
2024-02-07,81.18,2.343078276994942,37.0,7,0,0,0,37.0,2.343078276994942,2.343078276994942,79.54,79.3,81.18,83.01,83.58,83.88,84.72,84.41,0.0,0,1,0,610.0812808,49.2,104.0400009,31.20999908
2024-02-08,83.01,2.229217105619248,35.0,2,0,0,0,35.0,2.229217105619248,2.229217105619248,79.3,81.18,83.01,83.58,83.88,84.72,84.41,84.33,0.0,0,1,0,610.0147783,49.2,104.1500015,31.63999939
2024-02-09,83.58,0.6843174552824963,37.0,3,0,0,0,37.0,0.6843174552824963,0.6843174552824963,81.18,83.01,83.58,83.88,84.72,84.41,84.33,84.88,0.0,0,1,0,609.9482759,49.2,104.0800018,32.43999863
2024-02-12,83.88,0.3582949013949928,39.0,3,0,1,0,39.0,0.3582949013949928,0.3582949013949928,83.01,83.58,83.88,84.72,84.41,84.33,84.88,85.52,0.0,0,1,0,609.7487685,49.2,104.1699982,32.68999863
2024-02-13,84.72,0.9964495259431948,36.0,2,0,0,0,36.0,0.9964495259431948,0.9964495259431948,83.58,83.88,84.72,84.41,84.33,84.88,85.52,84.78,0.0,0,1,0,609.682266,49.2,104.9599991,32.36999893
2024-02-14,84.41,0.3665823297522484,37.0,4,0,0,2,37.0,-0.3665823297522484,0.3665823297522484,83.88,84.72,84.41,84.33,84.88,85.52,84.78,84.77,0.0,0,1,0,609.6157635,49.2,104.7200012,32.75999832
2024-02-15,84.33,0.0948204409078333,24.0,3,0,0,0,24.0,-0.0948204409078333,0.0948204409078333,84.72,84.41,84.33,84.88,85.52,84.78,84.77,85.84,0.0,0,1,0,609.5492611,49.2,104.3000031,32.02000046
2024-02-16,84.88,0.650082071917747,24.0,7,1,0,0,24.0,0.650082071917747,0.650082071917747,84.41,84.33,84.88,85.52,84.78,84.77,85.84,84.18,65443.0,0,1,0,609.4827586,49.2,104.2799988,30.84000015
2024-02-19,85.52,0.7511772411062185,35.0,13,0,2,0,35.0,0.7511772411062185,0.7511772411062185,84.33,84.88,85.52,84.78,84.77,85.84,84.18,84.01,65443.0,0,1,0,609.2832512,49.2,97.76698616,30.49061831
2024-02-20,84.78,0.8690600792298624,34.0,2,0,0,0,34.0,-0.8690600792298624,0.8690600792298624,84.88,85.52,84.78,84.77,85.84,84.18,84.01,83.8,65443.0,0,1,0,609.2167488,49.2,104.0800018,31.80999947
2024-02-21,84.77,0.0117959304176933,35.0,4,0,0,0,35.0,-0.0117959304176933,0.0117959304176933,85.52,84.78,84.77,85.84,84.18,84.01,83.8,84.08,65443.0,0,1,0,609.1502463,49.2,104.0100021,31.04999924
2024-02-22,85.84,1.2543391702128863,37.0,4,0,1,0,37.0,1.2543391702128863,1.2543391702128863,84.78,84.77,85.84,84.18,84.01,83.8,84.08,84.57,65443.0,0,1,0,609.0837438,49.2,103.9599991,30.54999924
2024-02-23,84.18,1.95277349800184,36.0,3,0,0,0,36.0,-1.95277349800184,1.95277349800184,84.77,85.84,84.18,84.01,83.8,84.08,84.57,84.82,15865.0,0,1,0,609.0172414,49.2,103.9400024,31.30999947
2024-02-26,84.01,0.2021523965668787,45.0,12,2,1,1,45.0,-0.2021523965668787,0.2021523965668787,85.84,84.18,84.01,83.8,84.08,84.57,84.82,86.58,15865.0,0,1,0,608.817734,49.2,103.8300018,31.70999908
2024-02-27,83.8,0.2502831888718509,40.0,2,0,0,0,40.0,-0.2502831888718509,0.2502831888718509,84.18,84.01,83.8,84.08,84.57,84.82,86.58,85.82,15865.0,0,1,0,608.7512315,49.2,103.8300018,31.35000038
2024-02-28,84.08,0.3335719080658244,27.0,0,0,0,0,27.0,0.3335719080658244,0.3335719080658244,84.01,83.8,84.08,84.57,84.82,86.58,85.82,86.59,15865.0,1,1,0,608.6847291,49.2,103.9800034,31.20999908
2024-02-29,84.57,0.5810867225435136,29.0,4,0,0,0,29.0,0.5810867225435136,0.5810867225435136,83.8,84.08,84.57,84.82,86.58,85.82,86.59,84.88,15865.0,1,1,0,608.6182266,49.1,104.1600037,31.5
2024-03-01,84.82,0.2951770252313835,26.0,1,0,0,0,26.0,0.2951770252313835,0.2951770252313835,84.08,84.57,84.82,86.58,85.82,86.59,84.88,84.29,5791.0,1,1,0,608.5517241,49.1,103.8600006,31.07999992
2024-03-04,86.58,2.053747796738991,27.0,5,0,0,0,27.0,2.053747796738991,2.053747796738991,84.57,84.82,86.58,85.82,86.59,84.88,84.29,83.44,5791.0,1,1,0,608.3522167,49.1,103.8300018,30.46999931
2024-03-05,85.82,0.881676245045591,27.0,3,0,0,0,27.0,-0.881676245045591,0.881676245045591,84.82,86.58,85.82,86.59,84.88,84.29,83.44,83.66,5791.0,1,1,0,608.2857143,49.1,103.8000031,30.19000053
2024-03-06,86.59,0.8932255896331229,17.0,2,0,0,3,17.0,0.8932255896331229,0.8932255896331229,86.58,85.82,86.59,84.88,84.29,83.44,83.66,83.95,5791.0,1,1,0,608.2192118,49.1,103.3700027,29.56999969
2024-03-07,84.88,1.9945841153982236,18.0,3,0,0,0,18.0,-1.9945841153982236,1.9945841153982236,85.82,86.59,84.88,84.29,83.44,83.66,83.95,86.16,5791.0,1,1,0,608.1527094,49.1,102.8199997,29.56999969
2024-03-08,84.29,0.6975260296336789,21.0,3,0,0,0,21.0,-0.6975260296336789,0.6975260296336789,86.59,84.88,84.29,83.44,83.66,83.95,86.16,85.39,0.0,1,1,0,608.0862069,49.1,102.7399979,29.63999939
2024-03-11,83.44,1.0135423316873882,28.0,11,0,0,0,28.0,-1.0135423316873882,1.0135423316873882,84.88,84.29,83.44,83.66,83.95,86.16,85.39,86.47,0.0,0,1,0,607.8866995,49.1,102.8700027,29.11000061
2024-03-12,83.66,0.26331553215354,30.0,3,0,0,0,30.0,0.26331553215354,0.26331553215354,84.29,83.44,83.66,83.95,86.16,85.39,86.47,87.36,0.0,0,1,0,607.820197,49.1,102.9599991,29.36000061
2024-03-13,83.95,0.3460417509497607,28.0,3,0,0,0,28.0,0.3460417509497607,0.3460417509497607,83.44,83.66,83.95,86.16,85.39,86.47,87.36,85.77,0.0,0,1,0,607.7536946,49.1,102.7900009,29.52000046
2024-03-14,86.16,2.59846493245832,31.0,6,0,0,0,31.0,2.59846493245832,2.59846493245832,83.66,83.95,86.16,85.39,86.47,87.36,85.77,84.92,0.0,0,1,0,607.6871921,49.1,103.3600006,31.51000023
2024-03-15,85.39,0.8977034928618245,34.0,5,3,0,0,34.0,-0.8977034928618245,0.8977034928618245,83.95,86.16,85.39,86.47,87.36,85.77,84.92,84.87,0.0,0,1,0,607.6206897,49.1,103.4300003,29.77000046
2024-03-18,86.47,1.2568535052824137,37.0,6,1,0,0,37.0,1.2568535052824137,1.2568535052824137,86.16,85.39,86.47,87.36,85.77,84.92,84.87,86.18,0.0,0,1,0,607.4211823,49.1,103.5800018,29.80999947
2024-03-19,87.36,1.0239979024256027,34.0,0,0,0,0,34.0,1.0239979024256027,1.0239979024256027,85.39,86.47,87.36,85.77,84.92,84.87,86.18,85.91,0.0,0,1,0,607.3546798,49.1,103.8099976,29.21999931
2024-03-20,85.77,1.8368216994264832,25.0,2,0,0,0,25.0,-1.8368216994264832,1.8368216994264832,86.47,87.36,85.77,84.92,84.87,86.18,85.91,84.94,0.0,0,1,0,607.2881773,49.1,103.4100037,28.81999969
2024-03-21,84.92,0.995965816727466,24.0,2,0,0,0,24.0,-0.995965816727466,0.995965816727466,87.36,85.77,84.92,84.87,86.18,85.91,84.94,86.17,0.0,0,1,0,607.2216749,49.1,104.0,27.53000069
2024-03-22,84.87,0.0588962853469829,27.0,6,0,0,0,27.0,-0.0588962853469829,0.0588962853469829,85.77,84.92,84.87,86.18,85.91,84.94,86.17,87.63,70920.0,0,1,0,607.1551724,49.1,104.4300003,26.92000008
2024-03-25,86.18,1.531745820610638,25.0,4,2,1,0,25.0,1.531745820610638,1.531745820610638,84.92,84.87,86.18,85.91,84.94,86.17,87.63,90.6,70920.0,0,1,0,606.955665,49.1,104.2300034,27.48999977
2024-03-26,85.91,0.3137895537726916,20.0,0,0,0,0,20.0,-0.3137895537726916,0.3137895537726916,84.87,86.18,85.91,84.94,86.17,87.63,90.6,90.32,70920.0,0,1,0,606.8891626,49.1,104.2900009,27.25
2024-03-27,84.94,1.1355111764839998,15.0,1,0,0,0,15.0,-1.1355111764839998,1.1355111764839998,86.18,85.91,84.94,86.17,87.63,90.6,90.32,92.81,70920.0,0,1,0,606.8226601,49.1,104.3499985,26.60000038
2024-03-28,86.17,1.4376964366550429,16.0,1,0,0,0,16.0,1.4376964366550429,1.4376964366550429,85.91,84.94,86.17,87.63,90.6,90.32,92.81,91.73,70920.0,0,1,0,606.7561576,49.1,104.5500031,26.27000046
2024-04-02,87.63,1.680131581608372,17.0,3,0,0,0,17.0,1.680131581608372,1.680131581608372,84.94,86.17,87.63,90.6,90.32,92.81,91.73,92.13,70920.0,0,1,0,606.4236453,50.8,104.8199997,29.04000092
2024-04-03,90.6,3.333080798117431,17.0,2,0,0,0,17.0,3.333080798117431,3.333080798117431,86.17,87.63,90.6,90.32,92.81,91.73,92.13,91.57,70920.0,0,1,0,606.3571429,50.8,104.25,29.07999992
2024-04-04,90.32,0.3095293207527039,12.0,1,0,0,0,12.0,-0.3095293207527039,0.3095293207527039,87.63,90.6,90.32,92.81,91.73,92.13,91.57,91.49,70920.0,0,1,0,606.2906404,50.8,104.1200027,32.16999817
2024-04-05,92.81,2.719547276589506,9.0,1,0,0,0,9.0,2.719547276589506,2.719547276589506,90.6,90.32,92.81,91.73,92.13,91.57,91.49,93.12,1981.0,0,1,0,606.2241379,50.8,104.3000031,32.36000061
2024-04-08,91.73,1.170491308573722,17.0,8,0,1,0,17.0,-1.170491308573722,1.170491308573722,90.32,92.81,91.73,92.13,91.57,91.49,93.12,90.84,1981.0,0,1,0,606.0246305,50.8,104.1399994,30.56999969
2024-04-09,92.13,0.4351143599276323,18.0,2,0,0,0,18.0,0.4351143599276323,0.4351143599276323,92.81,91.73,92.13,91.57,91.49,93.12,90.84,89.54,1981.0,0,1,0,605.9581281,50.8,104.1500015,28.95999908
2024-04-10,91.57,0.6096916001199958,23.0,6,0,0,0,23.0,-0.6096916001199958,0.6096916001199958,91.73,92.13,91.57,91.49,93.12,90.84,89.54,88.34,1981.0,0,1,0,605.8916256,50.8,105.25,30.07999992
2024-04-11,91.49,0.0874030428196845,21.0,1,0,0,0,21.0,-0.0874030428196845,0.0874030428196845,92.13,91.57,91.49,93.12,90.84,89.54,88.34,87.96,1981.0,0,1,0,605.8251232,50.8,105.2799988,31.27000046
2024-04-12,93.12,1.7659307291683972,19.0,0,0,0,0,19.0,1.7659307291683972,1.7659307291683972,91.57,91.49,93.12,90.84,89.54,88.34,87.96,87.3,13156.0,0,1,0,605.7586207,50.8,106.0400009,32.18999863
2024-04-15,90.84,2.478926674577,21.0,3,0,1,0,21.0,-2.478926674577,2.478926674577,91.49,93.12,90.84,89.54,88.34,87.96,87.3,88.29,13156.0,0,1,0,605.5591133,50.8,106.2099991,35.59000015
2024-04-17,89.54,1.441426442453817,21.0,1,0,0,0,21.0,-1.441426442453817,1.441426442453817,93.12,90.84,89.54,88.34,87.96,87.3,88.29,89.02,13156.0,0,1,0,605.4261084,50.8,105.9499969,33.0
2024-04-18,88.34,1.349244664443913,13.0,0,0,0,0,13.0,-1.349244664443913,1.349244664443913,90.84,89.54,88.34,87.96,87.3,88.29,89.02,88.1,13156.0,0,1,0,605.3596059,50.8,106.1500015,31.39999962
2024-04-19,87.96,0.4310840481820069,11.0,0,0,0,0,11.0,-0.4310840481820069,0.4310840481820069,89.54,88.34,87.96,87.3,88.29,89.02,88.1,89.95,7952.0,0,1,0,605.2931034,50.8,106.1500015,31.86000061
2024-04-22,87.3,0.7531702841003893,5.0,0,0,0,0,5.0,-0.7531702841003893,0.7531702841003893,88.34,87.96,87.3,88.29,89.02,88.1,89.95,88.44,7952.0,0,1,0,605.0935961,50.8,106.0800018,29.70000076
2024-04-23,88.29,1.1276388067934755,4.0,0,0,0,0,4.0,1.1276388067934755,1.1276388067934755,87.96,87.3,88.29,89.02,88.1,89.95,88.44,88.23,7952.0,0,1,0,605.0270936,50.8,105.6900024,28.86000061
2024-04-24,89.02,0.8234212674217047,8.0,4,0,0,0,8.0,0.8234212674217047,0.8234212674217047,87.3,88.29,89.02,88.1,89.95,88.44,88.23,83.55,7952.0,0,1,0,604.9605911,50.8,105.8600006,29.04000092
2024-04-25,88.1,1.038853064557445,8.0,3,0,0,0,8.0,-1.038853064557445,1.038853064557445,88.29,89.02,88.1,89.95,88.44,88.23,83.55,84.81,7952.0,0,1,0,604.8940887,50.8,105.5999985,28.34000015
2024-04-26,89.95,2.078142745440835,8.0,1,1,0,0,8.0,2.078142745440835,2.078142745440835,89.02,88.1,89.95,88.44,88.23,83.55,84.81,83.6,0.0,0,1,0,604.8275862,50.8,105.9400024,27.80999947
2024-04-29,88.44,1.6929604407296617,13.0,5,0,0,0,13.0,-1.6929604407296617,1.6929604407296617,88.1,89.95,88.44,88.23,83.55,84.81,83.6,82.69,0.0,0,1,0,604.6280788,50.8,105.5800018,27.84000015
2024-04-30,88.23,0.2377314755232157,15.0,2,0,1,0,15.0,-0.2377314755232157,0.2377314755232157,89.95,88.44,88.23,83.55,84.81,83.6,82.69,82.44,0.0,0,1,0,604.5615764,50.4,106.2200012,27.87000084
2024-05-01,83.55,5.450178619261071,15.0,0,0,0,0,15.0,-5.450178619261071,5.450178619261071,88.44,88.23,83.55,84.81,83.6,82.69,82.44,83.27,0.0,0,1,0,604.4950739,50.4,105.7600021,28.70000076
2024-05-02,84.81,1.4968205332205948,16.0,1,0,0,0,16.0,1.4968205332205948,1.4968205332205948,88.23,83.55,84.81,83.6,82.69,82.44,83.27,83.39,0.0,0,1,0,604.4285714,50.4,105.3000031,27.64999962
2024-05-03,83.6,1.436994028295279,12.0,0,0,0,0,12.0,-1.436994028295279,1.436994028295279,83.55,84.81,83.6,82.69,82.44,83.27,83.39,83.18,0.0,0,1,0,604.362069,50.4,105.0299988,28.09000015
2024-05-07,82.69,1.0944844356580608,18.0,9,0,2,2,18.0,-1.0944844356580608,1.0944844356580608,84.81,83.6,82.69,82.44,83.27,83.39,83.18,81.0,0.0,0,1,0,604.0960591,50.4,105.4100037,27.82999992
2024-05-08,82.44,0.3027919711817025,18.0,1,0,0,0,18.0,-0.3027919711817025,0.3027919711817025,83.6,82.69,82.44,83.27,83.39,83.18,81.0,79.98,0.0,0,1,0,604.0295567,50.4,105.5500031,27.90999985
2024-05-09,83.27,1.001758422546971,13.0,0,0,0,0,13.0,1.001758422546971,1.001758422546971,82.69,82.44,83.27,83.39,83.18,81.0,79.98,81.65,0.0,0,1,0,603.9630542,50.4,105.2300034,27.95000076
2024-05-10,83.39,0.1440057851166102,12.0,1,0,0,0,12.0,0.1440057851166102,0.1440057851166102,82.44,83.27,83.39,83.18,81.0,79.98,81.65,82.24,87419.0,0,1,0,603.8965517,50.4,105.3099976,27.87999916
2024-05-13,83.18,0.2521463784128247,17.0,5,0,0,0,17.0,-0.2521463784128247,0.2521463784128247,83.27,83.39,83.18,81.0,79.98,81.65,82.24,81.91,87419.0,0,1,0,603.6970443,50.4,105.2200012,28.04000092
2024-05-14,81.0,2.6557779642326875,18.0,2,0,0,0,18.0,-2.6557779642326875,2.6557779642326875,83.39,83.18,81.0,79.98,81.65,82.24,81.91,81.22,87419.0,0,1,0,603.6305419,50.4,105.0100021,28.01000023
2024-05-15,79.98,1.2672551253766358,18.0,0,0,0,0,18.0,-1.2672551253766358,1.2672551253766358,83.18,81.0,79.98,81.65,82.24,81.91,81.22,79.9,87419.0,0,1,0,603.5640394,50.4,104.3499985,28.06999969
2024-05-16,81.65,2.066521599780184,9.0,0,0,0,0,9.0,2.066521599780184,2.066521599780184,81.0,79.98,81.65,82.24,81.91,81.22,79.9,79.25,87419.0,0,1,0,603.4975369,50.4,104.4599991,27.07999992
2024-05-17,82.24,0.7199982290380821,8.0,0,0,0,0,8.0,0.7199982290380821,0.7199982290380821,79.98,81.65,82.24,81.91,81.22,79.9,79.25,78.92,0.0,0,1,0,603.4310345,50.4,104.4499969,28.05999947
2024-05-20,81.91,0.4020718179344291,10.0,2,1,1,0,10.0,-0.4020718179344291,0.4020718179344291,81.65,82.24,81.91,81.22,79.9,79.25,78.92,81.34,0.0,0,1,0,603.2315271,50.4,104.5699997,27.88999939
2024-05-21,81.22,0.8459561269358938,9.0,0,0,0,0,9.0,-0.8459561269358938,0.8459561269358938,82.24,81.91,81.22,79.9,79.25,78.92,81.34,81.5,0.0,0,1,0,603.1650246,50.4,104.6600037,27.37999916
2024-05-22,79.9,1.6385669485922696,6.0,2,0,0,0,6.0,-1.6385669485922696,1.6385669485922696,81.91,81.22,79.9,79.25,78.92,81.34,81.5,81.42,0.0,0,1,0,603.0985222,50.4,104.9400024,27.70999908
2024-05-23,79.25,0.8168440014839076,8.0,4,0,1,6,8.0,-0.8168440014839076,0.8168440014839076,81.22,79.9,79.25,78.92,81.34,81.5,81.42,79.41,0.0,0,1,0,603.0320197,50.4,105.1100006,28.65999985
2024-05-24,78.92,0.4172731602975421,8.0,0,0,0,0,8.0,-0.4172731602975421,0.4172731602975421,79.9,79.25,78.92,81.34,81.5,81.42,79.41,76.45,0.0,0,1,0,602.9655172,50.4,104.7200012,27.55999947
2024-05-28,81.34,3.020321932466401,19.0,11,2,0,0,19.0,3.020321932466401,3.020321932466401,79.25,78.92,81.34,81.5,81.42,79.41,76.45,75.33,0.0,1,1,0,602.6995074,50.4,104.6100006,27.53000069
2024-05-29,81.5,0.196511976773852,21.0,2,0,0,0,21.0,0.196511976773852,0.196511976773852,78.92,81.34,81.5,81.42,79.41,76.45,75.33,75.41,0.0,1,1,0,602.6330049,50.4,105.0999985,26.77000046
2024-05-30,81.42,0.0982077171984266,29.0,10,0,1,16,29.0,-0.0982077171984266,0.0982077171984266,81.34,81.5,81.42,79.41,76.45,75.33,75.41,77.62,0.0,1,1,0,602.5665025,50.4,104.7200012,29.23999977
2024-05-31,79.41,2.4996638167713283,35.0,6,0,0,0,35.0,-2.4996638167713283,2.4996638167713283,81.5,81.42,79.41,76.45,75.33,75.41,77.62,78.12,1804.0,1,1,0,602.5,49.5,104.6699982,30.34000015
2024-06-03,76.45,3.798737253204821,41.0,8,3,0,0,41.0,-3.798737253204821,3.798737253204821,81.42,79.41,76.45,75.33,75.41,77.62,78.12,79.59,1804.0,1,0,0,602.3004926,49.5,104.1399994,30.84000015
2024-06-04,75.33,1.475847053746808,39.0,2,0,0,0,39.0,-1.475847053746808,1.475847053746808,79.41,76.45,75.33,75.41,77.62,78.12,79.59,80.15,1804.0,1,0,0,602.2339901,49.5,104.1100006,30.59000015
2024-06-05,75.41,0.1061430376952212,40.0,1,0,0,0,40.0,0.1061430376952212,0.1061430376952212,76.45,75.33,75.41,77.62,78.12,79.59,80.15,80.52,1804.0,1,0,0,602.1674877,49.5,104.2699966,29.18000031
2024-06-06,77.62,2.888523372620462,34.0,5,0,1,0,34.0,2.888523372620462,2.888523372620462,75.33,75.41,77.62,78.12,79.59,80.15,80.52,81.44,1804.0,1,0,0,602.1009852,49.5,104.0999985,27.70999908
2024-06-07,78.12,0.6420980067717915,37.0,5,0,1,0,37.0,0.6420980067717915,0.6420980067717915,75.41,77.62,78.12,79.59,80.15,80.52,81.44,81.49,93484.0,1,0,0,602.0344828,49.5,104.8899994,26.42000008
2024-06-10,79.59,1.8642350809279773,36.0,9,0,0,0,36.0,1.8642350809279773,1.8642350809279773,77.62,78.12,79.59,80.15,80.52,81.44,81.49,82.45,93484.0,0,0,0,601.8349754,49.5,105.1500015,25.69000053
2024-06-11,80.15,0.7011422237804082,31.0,1,0,0,0,31.0,0.7011422237804082,0.7011422237804082,78.12,79.59,80.15,80.52,81.44,81.49,82.45,84.79,93484.0,0,0,0,601.7684729,49.5,105.2300034,25.54000092
2024-06-12,80.52,0.4605721716028599,28.0,5,0,0,1,28.0,0.4605721716028599,0.4605721716028599,79.59,80.15,80.52,81.44,81.49,82.45,84.79,85.64,93484.0,0,0,0,601.7019704,49.5,104.6500015,24.79999924
2024-06-13,81.44,1.136095203062199,31.0,5,0,0,0,31.0,1.136095203062199,1.136095203062199,80.15,80.52,81.44,81.49,82.45,84.79,85.64,85.92,93484.0,0,0,0,601.635468,49.5,105.1999969,24.45000076
2024-06-14,81.49,0.061376052991579,32.0,2,0,0,0,32.0,0.061376052991579,0.061376052991579,80.52,81.44,81.49,82.45,84.79,85.64,85.92,86.42,0.0,0,0,0,601.5689655,49.5,105.5500031,24.70999908
2024-06-17,82.45,1.17117356734796,33.0,6,2,1,0,33.0,1.17117356734796,1.17117356734796,81.44,81.49,82.45,84.79,85.64,85.92,86.42,86.75,0.0,0,0,0,601.3694581,49.5,105.3199997,24.17000008
2024-06-18,84.79,2.7985562310303846,30.0,2,0,1,0,30.0,2.7985562310303846,2.7985562310303846,81.49,82.45,84.79,85.64,85.92,86.42,86.75,86.81,0.0,0,0,0,601.3029557,49.5,105.2600021,23.72999954
2024-06-19,85.64,0.9974852405570284,22.0,1,0,0,0,22.0,0.9974852405570284,0.9974852405570284,82.45,84.79,85.64,85.92,86.42,86.75,86.81,85.76,0.0,0,0,0,601.2364532,49.5,97.81384221,30.61527192
2024-06-20,85.92,0.3264167039072451,23.0,2,0,0,0,23.0,0.3264167039072451,0.3264167039072451,84.79,85.64,85.92,86.42,86.75,86.81,85.76,87.0,0.0,0,0,0,601.1699507,49.5,105.5899963,24.22999954
2024-06-21,86.42,0.5802499743232457,19.0,1,0,0,0,19.0,0.5802499743232457,0.5802499743232457,85.64,85.92,86.42,86.75,86.81,85.76,87.0,87.26,0.0,0,0,0,601.1034483,49.5,105.8000031,24.73999977
2024-06-24,86.75,0.3811288323181407,19.0,5,1,0,0,19.0,0.3811288323181407,0.3811288323181407,85.92,86.42,86.75,86.81,85.76,87.0,87.26,86.57,0.0,0,0,0,600.9039409,49.5,105.4700012,25.42000008
2024-06-25,86.81,0.0691403576748047,18.0,1,0,0,0,18.0,0.0691403576748047,0.0691403576748047,86.42,86.75,86.81,85.76,87.0,87.26,86.57,88.28,0.0,0,0,0,600.8374384,49.5,105.6100006,25.75
2024-06-26,85.76,1.2169125081224723,12.0,0,0,0,0,12.0,-1.2169125081224723,1.2169125081224723,86.75,86.81,85.76,87.0,87.26,86.57,88.28,88.25,0.0,0,0,0,600.770936,49.5,106.0500031,26.23999977
2024-06-27,87.0,1.435542133209179,13.0,3,0,0,0,13.0,1.435542133209179,1.435542133209179,86.81,85.76,87.0,87.26,86.57,88.28,88.25,88.34,0.0,0,0,0,600.7044335,49.5,105.9100037,26.28000069
2024-06-28,87.26,0.2984049040879782,16.0,4,2,0,0,16.0,0.2984049040879782,0.2984049040879782,85.76,87.0,87.26,86.57,88.28,88.25,88.34,88.66,92911.0,0,0,0,600.637931,49.5,105.8700027,26.54000092
2024-07-01,86.57,0.7938832467781225,17.0,3,0,0,0,17.0,-0.7938832467781225,0.7938832467781225,87.0,87.26,86.57,88.28,88.25,88.34,88.66,87.15,92911.0,0,0,0,600.4384236,49.5,105.9000015,27.29000092
2024-07-02,88.28,1.956024616085344,16.0,0,0,0,0,16.0,1.956024616085344,1.956024616085344,87.26,86.57,88.28,88.25,88.34,88.66,87.15,86.48,92911.0,0,0,0,600.3719212,49.5,105.7200012,25.81999969
2024-07-03,88.25,0.033988557512955,12.0,1,0,0,0,12.0,-0.033988557512955,0.033988557512955,86.57,88.28,88.25,88.34,88.66,87.15,86.48,86.55,92911.0,0,0,0,600.3054187,49.5,105.4000015,24.62000084
2024-07-04,88.34,0.1019310354974259,12.0,1,0,0,0,12.0,0.1019310354974259,0.1019310354974259,88.28,88.25,88.34,88.66,87.15,86.48,86.55,86.49,92911.0,0,0,0,600.2389163,49.5,97.8201741,29.80397648
2024-07-05,88.66,0.3615823148526961,12.0,0,0,0,0,12.0,0.3615823148526961,0.3615823148526961,88.25,88.34,88.66,87.15,86.48,86.55,86.49,87.35,0.0,0,0,0,600.1724138,49.5,104.8799973,23.78000069
2024-07-08,87.15,1.7178057350877474,11.0,2,0,0,0,11.0,-1.7178057350877474,1.7178057350877474,88.34,88.66,87.15,86.48,86.55,86.49,87.35,86.42,0.0,0,0,0,599.9729064,49.5,105.0100021,23.80999947
2024-07-09,86.48,0.7717598635077083,11.0,4,0,0,0,11.0,-0.7717598635077083,0.7717598635077083,88.66,87.15,86.48,86.55,86.49,87.35,86.42,86.6,0.0,0,0,0,599.9064039,49.5,105.1200027,24.19000053
2024-07-10,86.55,0.0809108291265342,11.0,3,1,1,0,11.0,0.0809108291265342,0.0809108291265342,87.15,86.48,86.55,86.49,87.35,86.42,86.6,85.76,0.0,0,0,0,599.8399015,49.5,105.0500031,24.01000023
2024-07-11,86.49,0.0693481303797724,15.0,4,0,1,0,15.0,-0.0693481303797724,0.0693481303797724,86.48,86.55,86.49,87.35,86.42,86.6,85.76,86.26,0.0,0,0,0,599.773399,49.5,104.4400024,24.01000023
2024-07-12,87.35,0.989423626164496,16.0,2,1,0,0,16.0,0.989423626164496,0.989423626164496,86.55,86.49,87.35,86.42,86.6,85.76,86.26,85.19,0.0,0,0,0,599.7068966,49.5,104.0899963,24.12000084
2024-07-15,86.42,1.0703906076278402,25.0,10,4,0,0,25.0,-1.0703906076278402,1.0703906076278402,86.49,87.35,86.42,86.6,85.76,86.26,85.19,83.44,0.0,0,0,0,599.5073892,49.5,104.1900024,23.82999992
2024-07-16,86.6,0.208068506460221,25.0,0,0,0,0,25.0,0.208068506460221,0.208068506460221,87.35,86.42,86.6,85.76,86.26,85.19,83.44,82.2,0.0,0,0,0,599.4408867,49.5,104.2699966,24.40999985
2024-07-17,85.76,0.9747118245897476,23.0,0,0,0,0,23.0,-0.9747118245897476,0.9747118245897476,86.42,86.6,85.76,86.26,85.19,83.44,82.2,83.01,0.0,0,0,0,599.3743842,49.5,103.75,25.28000069
2024-07-18,86.26,0.5813293897205156,20.0,1,0,0,0,20.0,0.5813293897205156,0.5813293897205156,86.6,85.76,86.26,85.19,83.44,82.2,83.01,82.58,0.0,0,0,0,599.3078818,49.5,104.1699982,25.68000031
2024-07-19,85.19,1.2481935164948093,18.0,1,0,0,0,18.0,-1.2481935164948093,1.2481935164948093,85.76,86.26,85.19,83.44,82.2,83.01,82.58,81.35,90984.0,0,0,0,599.2413793,49.5,104.4000015,26.82999992
2024-07-22,83.44,2.0756245362232124,17.0,3,0,0,0,17.0,-2.0756245362232124,2.0756245362232124,86.26,85.19,83.44,82.2,83.01,82.58,81.35,80.94,90984.0,0,0,0,599.0418719,49.5,104.3099976,26.82999992
2024-07-23,82.2,1.4972508630382664,16.0,1,0,0,0,16.0,-1.4972508630382664,1.4972508630382664,85.19,83.44,82.2,83.01,82.58,81.35,80.94,79.26,90984.0,0,0,0,598.9753695,49.5,104.4499969,26.73999977
2024-07-24,83.01,0.9805780404810036,7.0,1,0,0,0,7.0,0.9805780404810036,0.9805780404810036,83.44,82.2,83.01,82.58,81.35,80.94,79.26,81.39,90984.0,0,0,0,598.908867,49.5,104.3899994,26.85000038
2024-07-25,82.58,0.5193562009000117,7.0,0,0,0,0,7.0,-0.5193562009000117,0.5193562009000117,82.2,83.01,82.58,81.35,80.94,79.26,81.39,81.37,90984.0,0,0,0,598.8423645,49.5,104.3600006,26.48999977
2024-07-26,81.35,1.500668679289737,9.0,2,0,0,0,9.0,-1.500668679289737,1.500668679289737,83.01,82.58,81.35,80.94,79.26,81.39,81.37,78.35,0.0,0,0,0,598.7758621,49.5,104.3199997,29.77000046
2024-07-29,80.94,0.505269421732724,9.0,1,0,0,0,9.0,-0.505269421732724,0.505269421732724,82.58,81.35,80.94,79.26,81.39,81.37,78.35,77.51,0.0,0,0,0,598.5763547,49.5,104.5599976,30.81999969
2024-07-30,79.26,2.0974551685430445,9.0,1,0,0,0,9.0,-2.0974551685430445,2.0974551685430445,81.35,80.94,79.26,81.39,81.37,78.35,77.51,76.62,0.0,0,0,0,598.5098522,49.5,104.5500031,31.48999977
2024-07-31,81.39,2.651882757666111,6.0,0,0,0,0,6.0,2.651882757666111,2.651882757666111,80.94,79.26,81.39,81.37,78.35,77.51,76.62,78.26,0.0,0,0,0,598.4433498,49.4,104.0999985,33.68999863
2024-08-01,81.37,0.0245760630384074,5.0,0,0,0,0,5.0,-0.0245760630384074,0.0245760630384074,79.26,81.39,81.37,78.35,77.51,76.62,78.26,80.76,0.0,0,0,0,598.3768473,49.4,104.4199982,33.41999817
2024-08-02,78.35,3.782068590653615,4.0,0,0,0,0,4.0,-3.782068590653615,3.782068590653615,81.39,81.37,78.35,77.51,76.62,78.26,80.76,81.07,0.0,0,0,0,598.3103448,49.4,103.2099991,38.83000183
2024-08-05,77.51,1.0779008508609644,10.0,6,0,0,0,10.0,-1.0779008508609644,1.0779008508609644,81.37,78.35,77.51,76.62,78.26,80.76,81.07,83.06,0.0,0,0,0,598.1108374,49.4,102.6900024,43.63000107
2024-08-06,76.62,1.1548821020917182,9.0,1,0,0,0,9.0,-1.1548821020917182,1.1548821020917182,78.35,77.51,76.62,78.26,80.76,81.07,83.06,82.51,0.0,0,0,0,598.044335,49.4,102.9700012,40.41999817
2024-08-07,78.26,2.1178477509763427,11.0,3,0,0,0,11.0,2.1178477509763427,2.1178477509763427,77.51,76.62,78.26,80.76,81.07,83.06,82.51,82.15,0.0,0,0,0,597.9778325,49.4,103.1999969,38.00999832
2024-08-08,80.76,3.1445176662370433,14.0,4,1,1,0,14.0,3.1445176662370433,3.1445176662370433,76.62,78.26,80.76,81.07,83.06,82.51,82.15,83.09,0.0,0,0,0,597.91133,49.4,103.2099991,34.77000046
2024-08-09,81.07,0.3831185554978798,20.0,6,3,0,0,20.0,0.3831185554978798,0.3831185554978798,78.26,80.76,81.07,83.06,82.51,82.15,83.09,81.56,0.0,0,0,0,597.8448276,49.4,103.1399994,33.36999893
2024-08-12,83.06,2.425025920299182,20.0,0,0,0,0,20.0,2.425025920299182,2.425025920299182,80.76,81.07,83.06,82.51,82.15,83.09,81.56,81.09,0.0,0,0,0,597.6453202,49.4,103.1399994,35.16999817
2024-08-13,82.51,0.6643740086355645,25.0,5,1,0,1,25.0,-0.6643740086355645,0.6643740086355645,81.07,83.06,82.51,82.15,83.09,81.56,81.09,78.85,0.0,0,0,0,597.5788177,49.4,102.5599976,33.25999832
2024-08-14,82.15,0.4372653632974781,19.0,0,0,0,0,19.0,-0.4372653632974781,0.4372653632974781,83.06,82.51,82.15,83.09,81.56,81.09,78.85,78.77,0.0,0,0,0,597.5123153,49.4,102.5699997,31.51000023
2024-08-15,83.09,1.1377513193612872,18.0,0,0,0,0,18.0,1.1377513193612872,1.1377513193612872,82.51,82.15,83.09,81.56,81.09,78.85,78.77,78.8,0.0,0,0,0,597.4458128,49.4,102.9800034,31.13999939
2024-08-16,81.56,1.8585411970635557,16.0,1,0,0,0,16.0,-1.8585411970635557,1.8585411970635557,82.15,83.09,81.56,81.09,78.85,78.77,78.8,80.34,0.0,0,0,0,597.3793103,49.4,102.4599991,31.0
2024-08-19,81.09,0.5779296749788496,13.0,1,0,0,0,13.0,-0.5779296749788496,0.5779296749788496,83.09,81.56,81.09,78.85,78.77,78.8,80.34,81.51,0.0,0,0,0,597.179803,49.4,101.8899994,32.02999878
2024-08-20,78.85,2.801233554741865,7.0,0,0,0,0,7.0,-2.801233554741865,2.801233554741865,81.56,81.09,78.85,78.77,78.8,80.34,81.51,80.04,0.0,0,0,0,597.1133005,49.4,101.4400024,32.04999924
2024-08-21,78.77,0.1015099693814404,14.0,7,3,0,0,14.0,-0.1015099693814404,0.1015099693814404,81.09,78.85,78.77,78.8,80.34,81.51,80.04,81.55,0.0,0,0,0,597.046798,49.4,101.0400009,32.70000076
2024-08-22,78.8,0.0380783148600559,13.0,4,0,0,0,13.0,0.0380783148600559,0.0380783148600559,78.85,78.77,78.8,80.34,81.51,80.04,81.55,80.2,0.0,0,0,0,596.9802956,49.4,101.5100021,31.72999954
2024-08-23,80.34,1.9354632067302868,15.0,2,1,0,0,15.0,1.9354632067302868,1.9354632067302868,78.77,78.8,80.34,81.51,80.04,81.55,80.2,77.82,22080.0,0,0,0,596.9137931,49.4,100.7200012,30.54000092
2024-08-27,81.51,1.4458083175229917,15.0,0,0,0,0,15.0,1.4458083175229917,1.4458083175229917,78.8,80.34,81.51,80.04,81.55,80.2,77.82,76.46,22080.0,0,0,0,596.6477833,49.4,100.5500031,31.25
2024-08-28,80.04,1.819920239083341,14.0,0,0,0,0,14.0,-1.819920239083341,1.819920239083341,80.34,81.51,80.04,81.55,80.2,77.82,76.46,74.67,22080.0,0,0,0,596.5812808,49.4,101.0899963,32.11999893
2024-08-29,81.55,1.8689819351490176,13.0,0,0,0,0,13.0,1.8689819351490176,1.8689819351490176,81.51,80.04,81.55,80.2,77.82,76.46,74.67,74.47,22080.0,0,0,0,596.5147783,49.4,101.3399963,31.80999947
2024-08-30,80.2,1.6692814194553989,15.0,2,0,0,0,15.0,-1.6692814194553989,1.6692814194553989,80.04,81.55,80.2,77.82,76.46,74.67,74.47,72.82,0.0,0,0,0,596.4482759,49.4,101.6999969,33.36000061
2024-09-02,77.82,3.012504731606146,11.0,3,2,0,0,11.0,-3.012504731606146,3.012504731606146,81.55,80.2,77.82,76.46,74.67,74.47,72.82,72.37,0.0,1,0,0,596.2487685,49.1,97.84423532,30.90155289
2024-09-03,76.46,1.7630739288140729,7.0,0,0,0,0,7.0,-1.7630739288140729,1.7630739288140729,80.2,77.82,76.46,74.67,74.47,72.82,72.37,70.34,0.0,1,0,0,596.182266,49.1,101.8300018,35.36000061
2024-09-04,74.67,2.36893232206563,5.0,0,0,0,0,5.0,-2.36893232206563,2.36893232206563,77.82,76.46,74.67,74.47,72.82,72.37,70.34,70.31,0.0,1,0,0,596.1157635,49.1,101.3600006,37.95000076
2024-09-05,74.47,0.2682045325056205,5.0,0,0,0,0,5.0,-0.2682045325056205,0.2682045325056205,76.46,74.67,74.47,72.82,72.37,70.34,70.31,73.81,0.0,1,0,0,596.0492611,49.1,101.1100006,36.61000061
2024-09-06,72.82,2.240571697526689,5.0,0,0,0,0,5.0,-2.240571697526689,2.240571697526689,74.67,74.47,72.82,72.37,70.34,70.31,73.81,73.68,0.0,1,0,0,595.9827586,49.1,101.1800003,37.58000183
2024-09-09,72.37,0.6198793869250905,8.0,3,0,0,0,8.0,-0.6198793869250905,0.6198793869250905,74.47,72.82,72.37,70.34,70.31,73.81,73.68,73.96,0.0,1,0,0,595.7832512,49.1,101.5500031,37.0
2024-09-10,70.34,2.8451221832199978,8.0,2,0,0,0,8.0,-2.8451221832199978,2.8451221832199978,72.82,72.37,70.34,70.31,73.81,73.68,73.96,74.55,0.0,1,0,0,595.7167488,49.1,101.6299973,40.22999954
2024-09-11,70.31,0.0426590834766436,6.0,1,0,0,0,6.0,-0.0426590834766436,0.0426590834766436,72.37,70.34,70.31,73.81,73.68,73.96,74.55,74.52,0.0,0,0,0,595.6502463,49.1,101.6800003,37.75999832
2024-09-12,73.81,4.8580187570891065,6.0,0,0,0,0,6.0,4.8580187570891065,4.8580187570891065,70.34,70.31,73.81,73.68,73.96,74.55,74.52,75.93,0.0,0,0,0,595.5837438,49.1,101.3700027,36.06999969
2024-09-13,73.68,0.1762831834909499,7.0,1,0,0,0,7.0,-0.1762831834909499,0.1762831834909499,70.31,73.81,73.68,73.96,74.55,74.52,75.93,75.96,54545.0,0,0,0,595.5172414,49.1,101.1100006,35.22000122
2024-09-16,73.96,0.3793014571872473,8.0,1,0,0,0,8.0,0.3793014571872473,0.3793014571872473,73.81,73.68,73.96,74.55,74.52,75.93,75.96,74.95,54545.0,0,0,0,595.317734,49.1,100.7600021,34.70999908
2024-09-17,74.55,0.7945634691823423,8.0,0,0,0,0,8.0,0.7945634691823423,0.7945634691823423,73.68,73.96,74.55,74.52,75.93,75.96,74.95,75.29,54545.0,0,0,0,595.2512315,49.1,100.8899994,35.29000092
2024-09-18,74.52,0.0402495477359764,5.0,0,0,0,0,5.0,-0.0402495477359764,0.0402495477359764,73.96,74.55,74.52,75.93,75.96,74.95,75.29,75.4,54545.0,0,0,0,595.1847291,49.1,100.5999985,36.18999863
2024-09-19,75.93,1.8744317491754752,4.0,1,0,0,1,4.0,1.8744317491754752,1.8744317491754752,74.55,74.52,75.93,75.96,74.95,75.29,75.4,73.06,54545.0,0,0,0,595.1182266,49.1,100.6100006,33.72000122
2024-09-20,75.96,0.0395022718942595,4.0,1,0,0,0,4.0,0.0395022718942595,0.0395022718942595,74.52,75.93,75.96,74.95,75.29,75.4,73.06,71.63,25200.0,0,0,0,595.0517241,49.1,100.7200012,32.22000122
2024-09-23,74.95,1.3385661395478348,4.0,0,0,0,0,4.0,-1.3385661395478348,1.3385661395478348,75.93,75.96,74.95,75.29,75.4,73.06,71.63,72.35,25200.0,0,0,0,594.8522167,49.1,100.9199982,34.38999939
2024-09-24,75.29,0.4526099313424289,4.0,1,0,0,0,4.0,0.4526099313424289,0.4526099313424289,75.96,74.95,75.29,75.4,73.06,71.63,72.35,75.3,25200.0,0,0,0,594.7857143,49.1,100.3700027,33.75999832
2024-09-25,75.4,0.1459951151879414,3.0,0,0,0,0,3.0,0.1459951151879414,0.1459951151879414,74.95,75.29,75.4,73.06,71.63,72.35,75.3,74.86,25200.0,0,0,0,594.7192118,49.1,100.9199982,34.40000153
2024-09-26,73.06,3.152625364677401,3.0,0,0,0,0,3.0,-3.152625364677401,3.152625364677401,75.29,75.4,73.06,71.63,72.35,75.3,74.86,77.57,25200.0,0,0,0,594.6527094,49.1,100.5599976,39.75999832
2024-09-27,71.63,1.9767040740776691,4.0,1,0,0,0,4.0,-1.9767040740776691,1.9767040740776691,75.4,73.06,71.63,72.35,75.3,74.86,77.57,79.32,0.0,0,0,0,594.5862069,49.1,100.4199982,39.61999893
2024-09-30,72.35,1.000147245113303,3.0,0,0,0,0,3.0,1.000147245113303,1.000147245113303,73.06,71.63,72.35,75.3,74.86,77.57,79.32,81.74,0.0,0,0,0,594.3866995,49.8,100.7799988,39.86000061
2024-10-01,75.3,3.996468172835498,7.0,5,3,0,0,7.0,3.996468172835498,3.996468172835498,71.63,72.35,75.3,74.86,77.57,79.32,81.74,78.19,0.0,0,0,0,594.320197,49.8,101.1900024,42.86999893
2024-10-02,74.86,0.5860432329564959,7.0,0,0,0,0,7.0,-0.5860432329564959,0.5860432329564959,72.35,75.3,74.86,77.57,79.32,81.74,78.19,77.06,0.0,0,0,0,594.2536946,49.8,101.6800003,46.52000046
2024-10-03,77.57,3.556105202649714,6.0,0,0,0,0,6.0,3.556105202649714,3.556105202649714,75.3,74.86,77.57,79.32,81.74,78.19,77.06,79.45,0.0,0,0,0,594.1871921,49.8,101.9899979,54.5
2024-10-04,79.32,2.2309549148814947,7.0,1,0,0,0,7.0,2.2309549148814947,2.2309549148814947,74.86,77.57,79.32,81.74,78.19,77.06,79.45,80.27,0.0,0,0,0,594.1206897,49.8,102.5199966,46.36999893
2024-10-07,81.74,3.0053174484536096,7.0,0,0,0,0,7.0,3.0053174484536096,3.0053174484536096,77.57,79.32,81.74,78.19,77.06,79.45,80.27,78.47,0.0,0,0,0,593.9211823,49.8,102.5400009,48.31999969
2024-10-08,78.19,4.440171599970856,6.0,0,0,0,0,6.0,-4.440171599970856,4.440171599970856,79.32,81.74,78.19,77.06,79.45,80.27,78.47,73.68,0.0,0,0,0,593.8546798,49.8,102.5500031,52.34999847
2024-10-09,77.06,1.455742293841107,6.0,0,0,0,0,6.0,-1.455742293841107,1.455742293841107,81.74,78.19,77.06,79.45,80.27,78.47,73.68,73.65,0.0,0,0,0,593.7881773,49.8,102.9300003,48.79999924
2024-10-10,79.45,3.054355378471343,5.0,4,3,0,0,5.0,3.054355378471343,3.054355378471343,78.19,77.06,79.45,80.27,78.47,73.68,73.65,74.37,0.0,0,0,0,593.7216749,49.8,102.9899979,52.36000061
2024-10-11,80.27,1.0268059160760352,5.0,0,0,0,0,5.0,1.0268059160760352,1.0268059160760352,77.06,79.45,80.27,78.47,73.68,73.65,74.37,72.75,21653.0,0,0,0,593.6551724,49.8,102.8899994,52.68000031
2024-10-14,78.47,2.267956600410365,6.0,1,0,0,0,6.0,-2.267956600410365,2.267956600410365,79.45,80.27,78.47,73.68,73.65,74.37,72.75,73.29,21653.0,0,0,0,593.455665,49.8,103.3000031,51.61999893
2024-10-15,73.68,6.298499419233036,6.0,1,0,0,0,6.0,-6.298499419233036,6.298499419233036,80.27,78.47,73.68,73.65,74.37,72.75,73.29,75.59,21653.0,0,0,0,593.3891626,49.8,103.2600021,48.63999939
2024-10-16,73.65,0.0407249038412184,12.0,6,0,0,1,12.0,-0.0407249038412184,0.0407249038412184,78.47,73.68,73.65,74.37,72.75,73.29,75.59,74.68,21653.0,0,0,0,593.3226601,49.8,103.5899963,47.84000015
2024-10-17,74.37,0.9728491806569484,12.0,0,0,0,0,12.0,0.9728491806569484,0.9728491806569484,73.68,73.65,74.37,72.75,73.29,75.59,74.68,74.27,21653.0,0,0,0,593.2561576,49.8,103.8300018,46.88000107
2024-10-18,72.75,2.202372866360705,13.0,1,0,0,0,13.0,-2.202372866360705,2.202372866360705,73.65,74.37,72.75,73.29,75.59,74.68,74.27,75.62,0.0,0,0,0,593.1896552,49.8,103.4899979,47.22000122
2024-10-21,73.29,0.7395267886156914,10.0,1,0,0,0,10.0,0.7395267886156914,0.7395267886156914,74.37,72.75,73.29,75.59,74.68,74.27,75.62,71.87,0.0,0,0,0,592.9901478,49.8,104.0100021,46.81999969
2024-10-22,75.59,3.0899825366326557,10.0,0,0,0,0,10.0,3.0899825366326557,3.0899825366326557,72.75,73.29,75.59,74.68,74.27,75.62,71.87,71.09,0.0,0,0,0,592.9236453,49.8,104.0800018,47.68999863
2024-10-23,74.68,1.2111680630563408,9.0,0,0,0,0,9.0,-1.2111680630563408,1.2111680630563408,73.29,75.59,74.68,74.27,75.62,71.87,71.09,73.21,0.0,0,0,0,592.8571429,49.8,104.4300003,47.77999878
2024-10-24,74.27,0.5505216992316918,8.0,0,0,0,0,8.0,-0.5505216992316918,0.5505216992316918,75.59,74.68,74.27,75.62,71.87,71.09,73.21,73.25,0.0,0,0,0,592.7906404,49.8,104.0599976,46.65999985
2024-10-25,75.62,1.8013696781581836,4.0,2,0,0,0,4.0,1.8013696781581836,1.8013696781581836,74.68,74.27,75.62,71.87,71.09,73.21,73.25,73.63,0.0,0,0,0,592.7241379,49.8,104.2600021,48.97000122
2024-10-28,71.87,5.086186698243549,7.0,3,0,1,0,7.0,-5.086186698243549,5.086186698243549,74.27,75.62,71.87,71.09,73.21,73.25,73.63,74.89,0.0,0,0,0,592.5246305,49.8,104.3199997,42.95999908
2024-10-29,71.09,1.0912251538959523,7.0,1,0,0,0,7.0,-1.0912251538959523,1.0912251538959523,75.62,71.87,71.09,73.21,73.25,73.63,74.89,76.98,0.0,1,0,0,592.4581281,49.8,104.2799988,42.47000122
2024-10-30,73.21,2.9385343717159396,6.0,0,0,0,0,6.0,2.9385343717159396,2.9385343717159396,71.87,71.09,73.21,73.25,73.63,74.89,76.98,76.52,0.0,1,0,0,592.3916256,49.8,103.9899979,41.13000107
2024-10-31,73.25,0.054622423862539,6.0,0,0,0,0,6.0,0.054622423862539,0.054622423862539,71.09,73.21,73.25,73.63,74.89,76.98,76.52,75.73,0.0,1,0,0,592.3251232,50.1,103.9800034,48.79000092
2024-11-01,73.63,0.517430348344879,6.0,0,0,0,0,6.0,0.517430348344879,0.517430348344879,73.21,73.25,73.63,74.89,76.98,76.52,75.73,74.04,22182.0,1,0,0,592.2586207,50.1,104.2799988,44.13999939
2024-11-04,74.89,1.6967818880650225,6.0,0,0,0,0,6.0,1.6967818880650225,1.6967818880650225,73.25,73.63,74.89,76.98,76.52,75.73,74.04,72.19,22182.0,1,0,0,592.0591133,50.1,103.8899994,45.75
2024-11-05,76.98,2.752527759432436,5.0,1,0,0,0,5.0,2.752527759432436,2.752527759432436,73.63,74.89,76.98,76.52,75.73,74.04,72.19,72.56,22182.0,1,0,0,591.9926108,50.1,103.4199982,45.61000061
2024-11-06,76.52,0.5993503283548088,2.0,0,0,0,0,2.0,-0.5993503283548088,0.5993503283548088,74.89,76.98,76.52,75.73,74.04,72.19,72.56,72.86,22182.0,1,0,0,591.9261084,50.1,105.0899963,44.74000168
2024-11-07,75.73,1.0377761446320746,1.0,0,0,0,0,1.0,-1.0377761446320746,1.0377761446320746,76.98,76.52,75.73,74.04,72.19,72.56,72.86,73.39,22182.0,1,0,0,591.8596059,50.1,104.5100021,42.54999924
2024-11-08,74.04,2.2568895420434556,1.0,0,0,0,0,1.0,-2.2568895420434556,2.2568895420434556,76.52,75.73,74.04,72.19,72.56,72.86,73.39,73.45,2267.0,1,0,0,591.7931034,50.1,105.0,38.75999832
2024-11-11,72.19,2.530395555422727,3.0,2,0,1,0,3.0,-2.530395555422727,2.530395555422727,75.73,74.04,72.19,72.56,72.86,73.39,73.45,74.35,2267.0,0,0,0,591.5935961,50.1,105.5400009,37.74000168
2024-11-12,72.56,0.5112273655811607,4.0,1,0,0,0,4.0,0.5112273655811607,0.5112273655811607,74.04,72.19,72.56,72.86,73.39,73.45,74.35,74.32,2267.0,0,0,0,591.5270936,50.1,106.0199966,34.31999969
2024-11-13,72.86,0.4125985773536572,4.0,0,0,0,0,4.0,0.4125985773536572,0.4125985773536572,72.19,72.56,72.86,73.39,73.45,74.35,74.32,74.33,2267.0,0,0,0,591.4605911,50.1,106.4800034,37.11999893
2024-11-14,73.39,0.7247894976553787,3.0,0,0,0,0,3.0,0.7247894976553787,0.7247894976553787,72.56,72.86,73.39,73.45,74.35,74.32,74.33,75.09,2267.0,0,0,0,591.3940887,50.1,106.6699982,30.89999962
2024-11-15,73.45,0.0817216062914897,3.0,0,0,0,0,3.0,0.0817216062914897,0.0817216062914897,72.86,73.39,73.45,74.35,74.32,74.33,75.09,76.1,0.0,0,0,0,591.3275862,50.1,106.6900024,35.06999969
2024-11-18,74.35,1.217877028627767,5.0,2,0,1,0,5.0,1.217877028627767,1.217877028627767,73.39,73.45,74.35,74.32,74.33,75.09,76.1,74.27,0.0,0,0,0,591.1280788,50.1,106.2799988,36.88999939
2024-11-19,74.32,0.0403578400581038,5.0,0,0,0,0,5.0,-0.0403578400581038,0.0403578400581038,73.45,74.35,74.32,74.33,75.09,76.1,74.27,74.56,0.0,0,0,0,591.0615764,50.1,106.2099991,37.27999878
2024-11-20,74.33,0.0134544231619012,3.0,0,0,0,0,3.0,0.0134544231619012,0.0134544231619012,74.35,74.32,74.33,75.09,76.1,74.27,74.56,73.91,0.0,0,0,0,590.9950739,50.1,106.6800003,36.74000168
2024-11-21,75.09,1.01727553745905,2.0,0,0,0,0,2.0,1.01727553745905,1.01727553745905,74.32,74.33,75.09,76.1,74.27,74.56,73.91,73.92,0.0,0,0,0,590.9285714,50.1,106.9700012,36.90999985
2024-11-22,76.1,1.336087075584753,2.0,0,0,0,0,2.0,1.336087075584753,1.336087075584753,74.33,75.09,76.1,74.27,74.56,73.91,73.92,74.16,24248.0,0,0,0,590.862069,50.1,107.4899979,35.74000168
2024-11-25,74.27,2.434116318643506,2.0,0,0,0,0,2.0,-2.434116318643506,2.434116318643506,75.09,76.1,74.27,74.56,73.91,73.92,74.16,72.81,24248.0,0,0,0,590.6625616,50.1,106.8199997,37.43999863
2024-11-26,74.56,0.3897068696130789,2.0,0,0,0,0,2.0,0.3897068696130789,0.3897068696130789,76.1,74.27,74.56,73.91,73.92,74.16,72.81,74.8,24248.0,0,0,0,590.5960591,50.1,107.0100021,38.74000168
2024-11-27,73.91,0.8756033580540403,0.0,0,0,0,0,0.0,-0.8756033580540403,0.8756033580540403,74.27,74.56,73.91,73.92,74.16,72.81,74.8,74.68,24248.0,0,0,0,590.5295567,50.1,106.0800018,37.0
2024-11-28,73.92,0.0135290536633493,0.0,0,0,0,0,0.0,0.0135290536633493,0.0135290536633493,74.56,73.91,73.92,74.16,72.81,74.8,74.68,73.78,24248.0,0,0,0,590.4630542,50.1,97.8758948,27.72226379
2024-11-29,74.16,0.3241493924171023,0.0,0,0,0,0,0.0,0.3241493924171023,0.3241493924171023,73.91,73.92,74.16,72.81,74.8,74.68,73.78,73.78,318.0,0,0,0,590.3965517,50.1,105.7399979,34.95000076
2024-12-02,72.81,1.8371612850979944,3.0,3,2,0,0,3.0,-1.8371612850979944,1.8371612850979944,73.92,74.16,72.81,74.8,74.68,73.78,73.78,73.73,318.0,1,0,0,590.1970443,50.3,106.4499969,34.70999908
2024-12-03,74.8,2.6964576573811856,3.0,0,0,0,0,3.0,2.6964576573811856,2.6964576573811856,74.16,72.81,74.8,74.68,73.78,73.78,73.73,73.64,318.0,1,0,0,590.1305419,50.3,106.3700027,34.54999924
2024-12-04,74.68,0.1605566306909567,3.0,0,0,0,0,3.0,-0.1605566306909567,0.1605566306909567,72.81,74.8,74.68,73.78,73.78,73.73,73.64,74.38,318.0,1,0,0,590.0640394,50.3,106.3399963,33.81999969
2024-12-05,73.78,1.2124626504992344,3.0,0,0,0,0,3.0,-1.2124626504992344,1.2124626504992344,74.8,74.68,73.78,73.78,73.73,73.64,74.38,73.52,318.0,1,0,0,589.9975369,50.3,105.7099991,29.45000076
2024-12-06,73.78,0.0,3.0,0,0,0,0,3.0,0.0,0.0,74.68,73.78,73.78,73.73,73.64,74.38,73.52,74.89,930.0,1,0,0,589.9310345,50.3,105.9700012,30.97999954
2024-12-09,73.73,0.0677920166970315,4.0,1,1,0,0,4.0,-0.0677920166970315,0.0677920166970315,73.78,73.78,73.73,73.64,74.38,73.52,74.89,74.3,930.0,1,0,0,589.7315271,50.3,106.1500015,27.70000076
2024-12-10,73.64,0.1221415636682119,5.0,1,1,0,0,5.0,-0.1221415636682119,0.1221415636682119,73.78,73.73,73.64,74.38,73.52,74.89,74.3,73.16,930.0,1,0,0,589.6650246,50.3,106.4000015,28.61000061
2024-12-11,74.38,0.9998732132046784,2.0,0,0,0,0,2.0,0.9998732132046784,0.9998732132046784,73.73,73.64,74.38,73.52,74.89,74.3,73.16,74.57,930.0,0,0,0,589.5985222,50.3,106.7099991,31.98999977
2024-12-12,73.52,1.162961044949239,2.0,0,0,0,0,2.0,-1.162961044949239,1.162961044949239,73.64,74.38,73.52,74.89,74.3,73.16,74.57,73.75,930.0,0,0,0,589.5320197,50.3,106.9599991,33.63999939
2024-12-13,74.89,1.846289221384412,2.0,0,0,0,0,2.0,1.846289221384412,1.846289221384412,74.38,73.52,74.89,74.3,73.16,74.57,73.75,73.19,0.0,0,0,0,589.4655172,50.3,107.0,34.91999817
2024-12-16,74.3,0.7909418537562286,4.0,2,0,0,0,4.0,-0.7909418537562286,0.7909418537562286,73.52,74.89,74.3,73.16,74.57,73.75,73.19,72.12,0.0,0,0,0,589.2660099,50.3,106.8600006,33.40999985
2024-12-17,73.16,1.5462128201048524,4.0,0,0,0,0,4.0,-1.5462128201048524,1.5462128201048524,74.89,74.3,73.16,74.57,73.75,73.19,72.12,73.5,0.0,0,0,0,589.1995074,50.3,106.9599991,30.70999908
2024-12-18,74.57,1.908945803303845,3.0,0,0,0,0,3.0,1.908945803303845,1.908945803303845,74.3,73.16,74.57,73.75,73.19,72.12,73.5,73.5,0.0,0,0,0,589.1330049,50.3,108.0299988,32.59999847
2024-12-19,73.75,1.105728633577413,2.0,0,0,0,0,2.0,-1.105728633577413,1.105728633577413,73.16,74.57,73.75,73.19,72.12,73.5,73.5,73.77,0.0,0,0,0,589.0665025,50.3,108.4100037,30.5
2024-12-20,73.19,0.7622195606793537,2.0,0,0,0,0,2.0,-0.7622195606793537,0.7622195606793537,74.57,73.75,73.19,72.12,73.5,73.5,73.77,74.24,82453.0,0,0,0,589.0,50.3,107.6200027,29.27000046
2024-12-23,72.12,1.4727401278019103,3.0,1,0,0,0,3.0,-1.4727401278019103,1.4727401278019103,73.75,73.19,72.12,73.5,73.5,73.77,74.24,74.58,82453.0,0,0,0,588.3502304,50.3,108.0400009,30.15999985
2024-12-24,73.5,1.8954007883674455,3.0,0,0,0,0,3.0,1.8954007883674455,1.8954007883674455,73.19,72.12,73.5,73.5,73.77,74.24,74.58,76.14,82453.0,0,0,0,588.1336406,50.3,108.2600021,30.35000038
2024-12-25,73.5,0.0,1.0,0,0,0,0,1.0,0.0,0.0,72.12,73.5,73.5,73.77,74.24,74.58,76.14,76.72,82453.0,0,0,0,587.9170507,50.3,97.88729222,33.81310736
2024-12-27,73.77,0.366673867741994,2.0,1,0,0,0,2.0,0.366673867741994,0.366673867741994,73.5,73.5,73.77,74.24,74.58,76.14,76.72,77.27,0.0,0,0,0,587.483871,50.3,108.0,30.20999908
2024-12-30,74.24,0.6350943581734146,5.0,3,0,0,0,5.0,0.6350943581734146,0.6350943581734146,73.5,73.77,74.24,74.58,76.14,76.72,77.27,77.84,0.0,0,0,0,586.8341014,50.3,108.1299973,30.77000046
2024-12-31,74.58,0.4569286272729764,8.0,3,0,0,0,8.0,0.4569286272729764,0.4569286272729764,73.77,74.24,74.58,76.14,76.72,77.27,77.84,77.37,0.0,0,0,0,586.6175115,50.1,108.4899979,30.02000046
2025-01-02,76.14,2.070137620367658,8.0,0,0,0,0,8.0,2.070137620367658,2.070137620367658,74.24,74.58,76.14,76.72,77.27,77.84,77.37,78.44,0.0,0,0,0,586.1843318,50.1,109.3899994,29.54000092
2025-01-03,76.72,0.7588679620831534,7.0,0,0,0,0,7.0,0.7588679620831534,0.7588679620831534,74.58,76.14,76.72,77.27,77.84,77.37,78.44,79.76,3496.0,0,0,0,585.9677419,50.1,108.9499969,29.97999954
2025-01-06,77.27,0.7143351370309762,9.0,2,0,0,0,9.0,0.7143351370309762,0.7143351370309762,76.14,76.72,77.27,77.84,77.37,78.44,79.76,82.69,3496.0,0,0,0,585.3179724,50.1,108.2600021,29.30999947
2025-01-07,77.84,0.7349655932257202,9.0,0,0,0,0,9.0,0.7349655932257202,0.7349655932257202,76.72,77.27,77.84,77.37,78.44,79.76,82.69,82.39,3496.0,0,0,0,585.1013825,50.1,108.5400009,31.09000015
2025-01-08,77.37,0.6056329316386467,8.0,0,0,0,0,8.0,-0.6056329316386467,0.6056329316386467,77.27,77.84,77.37,78.44,79.76,82.69,82.39,83.48,3496.0,0,0,0,584.8847926,50.1,109.0899963,31.55999947
2025-01-09,78.44,1.3734892766782425,8.0,3,0,0,0,8.0,1.3734892766782425,1.3734892766782425,77.84,77.37,78.44,79.76,82.69,82.39,83.48,82.39,3496.0,0,0,0,584.6682028,50.1,97.8948905,26.53598559
2025-01-10,79.76,1.668812432543737,9.0,4,0,1,0,9.0,1.668812432543737,1.668812432543737,77.37,78.44,79.76,82.69,82.39,83.48,82.39,83.02,25970.0,0,0,0,584.4516129,50.1,109.6500015,33.90999985
2025-01-13,82.69,3.607655008049229,10.0,1,0,1,0,10.0,3.607655008049229,3.607655008049229,78.44,79.76,82.69,82.39,83.48,82.39,83.02,81.68,25970.0,0,0,0,583.8018433,50.1,109.9599991,33.97999954
2025-01-14,82.39,0.3634605406576671,10.0,0,0,0,0,10.0,-0.3634605406576671,0.3634605406576671,79.76,82.69,82.39,83.48,82.39,83.02,81.68,80.57,25970.0,0,0,0,583.5852535,50.1,109.2699966,33.50999832
2025-01-15,83.48,1.3143011881501343,10.0,2,0,0,0,10.0,1.3143011881501343,1.3143011881501343,82.69,82.39,83.48,82.39,83.02,81.68,80.57,80.0,25970.0,0,0,0,583.3686636,50.1,109.0899963,32.93000031
2025-01-16,82.39,1.3143011881501343,10.0,0,0,0,0,10.0,-1.3143011881501343,1.3143011881501343,82.39,83.48,82.39,83.02,81.68,80.57,80.0,78.62,25970.0,0,0,0,583.1520737,50.1,108.9599991,33.13000107
2025-01-17,83.02,0.7617472297394096,11.0,1,0,0,0,11.0,0.7617472297394096,0.7617472297394096,83.48,82.39,83.02,81.68,80.57,80.0,78.62,78.71,0.0,0,0,0,582.9354839,50.1,109.3499985,33.52000046
2025-01-20,81.68,1.6272368768482408,11.0,3,0,0,0,11.0,-1.6272368768482408,1.6272368768482408,82.39,83.02,81.68,80.57,80.0,78.62,78.71,77.3,0.0,0,0,0,582.2857143,50.1,97.9012224,32.57447287
2025-01-21,80.57,1.3682802067305713,7.0,0,0,0,0,7.0,-1.3682802067305713,1.3682802067305713,83.02,81.68,80.57,80.0,78.62,78.71,77.3,78.01,0.0,0,0,0,582.0691244,50.1,108.0599976,35.09999847
2025-01-22,80.0,0.7099737115222933,7.0,1,0,0,0,7.0,-0.7099737115222933,0.7099737115222933,81.68,80.57,80.0,78.62,78.71,77.3,78.01,77.02,0.0,0,0,0,581.8525346,50.1,108.1699982,34.68000031
2025-01-23,78.62,1.7400514680167334,7.0,0,0,0,0,7.0,-1.7400514680167334,1.7400514680167334,80.57,80.0,78.62,78.71,77.3,78.01,77.02,77.42,0.0,0,0,0,581.6359447,50.1,108.0500031,34.18000031
2025-01-24,78.71,0.1144092160644368,5.0,0,0,0,0,5.0,0.1144092160644368,0.1144092160644368,80.0,78.62,78.71,77.3,78.01,77.02,77.42,77.11,0.0,0,0,0,581.4193548,50.1,107.4400024,29.97999954
2025-01-27,77.3,1.8076256560982504,5.0,0,0,0,0,5.0,-1.8076256560982504,1.8076256560982504,78.62,78.71,77.3,78.01,77.02,77.42,77.11,76.49,0.0,0,0,0,580.7695853,50.1,107.3399963,35.97999954
2025-01-28,78.01,0.9143068006845564,5.0,1,0,0,5,5.0,0.9143068006845564,0.9143068006845564,78.71,77.3,78.01,77.02,77.42,77.11,76.49,76.58,0.0,0,0,0,580.5529954,50.1,107.8700027,31.95000076
2025-01-29,77.02,1.277189521345908,2.0,0,0,0,0,2.0,-1.277189521345908,1.277189521345908,77.3,78.01,77.02,77.42,77.11,76.49,76.58,74.71,0.0,0,0,0,580.3364055,50.1,108.0,33.02000046
2025-01-30,77.42,0.5180016762739312,2.0,0,0,0,0,2.0,0.5180016762739312,0.5180016762739312,78.01,77.02,77.42,77.11,76.49,76.58,74.71,74.54,0.0,0,0,0,580.1198157,50.1,107.8000031,31.04999924
2025-01-31,77.11,0.401217130463276,1.0,0,0,0,0,1.0,-0.401217130463276,0.401217130463276,77.02,77.42,77.11,76.49,76.58,74.71,74.54,74.68,27967.0,0,0,0,579.9032258,49.1,108.3700027,29.95999908
2025-02-03,76.49,0.8072960511094663,1.0,0,0,0,0,1.0,-0.8072960511094663,0.8072960511094663,77.42,77.11,76.49,76.58,74.71,74.54,74.68,76.23,27967.0,0,0,0,579.2534562,49.1,108.9899979,35.29999924
2025-02-04,76.58,0.1175932715373929,2.0,1,0,1,0,2.0,0.1175932715373929,0.1175932715373929,77.11,76.49,76.58,74.71,74.54,74.68,76.23,77.65,27967.0,0,0,0,579.0368664,49.1,107.9599991,33.61999893
2025-02-05,74.71,2.472199406143863,2.0,0,0,0,0,2.0,-2.472199406143863,2.472199406143863,76.49,76.58,74.71,74.54,74.68,76.23,77.65,75.38,27967.0,0,0,0,578.8202765,49.1,107.5800018,34.25
2025-02-06,74.54,0.2278057936597348,1.0,0,0,0,0,1.0,-0.2278057936597348,0.2278057936597348,76.58,74.71,74.54,74.68,76.23,77.65,75.38,75.61,27967.0,0,0,0,578.6036866,49.1,107.6900024,36.25
2025-02-07,74.68,0.187642462240944,1.0,0,0,0,0,1.0,0.187642462240944,0.187642462240944,74.71,74.54,74.68,76.23,77.65,75.38,75.61,75.19,0.0,0,0,0,578.3870968,49.1,108.0400009,29.65999985
2025-02-10,76.23,2.054276732666046,1.0,0,0,0,0,1.0,2.054276732666046,2.054276732666046,74.54,74.68,76.23,77.65,75.38,75.61,75.19,75.81,0.0,0,0,0,577.7373272,49.1,108.3199997,32.09000015
2025-02-11,77.65,1.845646359451375,1.0,0,0,0,0,1.0,1.845646359451375,1.845646359451375,74.68,76.23,77.65,75.38,75.61,75.19,75.81,76.46,0.0,0,0,0,577.5207373,49.1,107.9599991,29.76000023
2025-02-12,75.38,2.966956175570684,2.0,1,0,0,0,2.0,-2.966956175570684,2.966956175570684,76.23,77.65,75.38,75.61,75.19,75.81,76.46,76.34,0.0,0,0,0,577.3041475,49.1,107.9400024,31.79000092
2025-02-13,75.61,0.3046561731189101,1.0,0,0,0,0,1.0,0.3046561731189101,0.3046561731189101,77.65,75.38,75.61,75.19,75.81,76.46,76.34,76.95,0.0,0,0,0,577.0875576,49.1,107.3099976,31.46999931
2025-02-14,75.19,0.5570306180243064,1.0,0,0,0,0,1.0,-0.5570306180243064,0.5570306180243064,75.38,75.61,75.19,75.81,76.46,76.34,76.95,74.88,0.0,0,0,0,576.8709677,49.1,106.5699997,28.45999908
2025-02-17,75.81,0.8211966678277064,1.0,0,0,0,0,1.0,0.8211966678277064,0.8211966678277064,75.61,75.19,75.81,76.46,76.34,76.95,74.88,74.89,0.0,0,0,0,576.2211982,49.1,97.91261981,28.41775852
2025-02-18,76.46,0.8537518200054136,1.0,0,0,0,0,1.0,0.8537518200054136,0.8537518200054136,75.19,75.81,76.46,76.34,76.95,74.88,74.89,73.11,0.0,0,0,0,576.0046083,49.1,107.0500031,27.46999931
2025-02-19,76.34,0.1570680951182934,4.0,3,0,0,2,4.0,-0.1570680951182934,0.1570680951182934,75.81,76.46,76.34,76.95,74.88,74.89,73.11,73.49,0.0,0,0,0,575.7880184,49.1,107.1699982,28.36000061
2025-02-20,76.95,0.7958812967804523,4.0,0,0,0,0,4.0,0.7958812967804523,0.7958812967804523,76.46,76.34,76.95,74.88,74.89,73.11,73.49,75.01,0.0,0,0,0,575.5714286,49.1,106.3399963,29.29999924
2025-02-21,74.88,2.726902811555175,3.0,0,0,0,0,3.0,-2.726902811555175,2.726902811555175,76.34,76.95,74.88,74.89,73.11,73.49,75.01,74.76,22027.0,0,0,0,575.3548387,49.1,106.6100006,35.79000092
2025-02-24,74.89,0.0133538091939166,4.0,1,0,0,0,4.0,0.0133538091939166,0.0133538091939166,76.95,74.88,74.89,73.11,73.49,75.01,74.76,72.85,22027.0,0,0,0,574.7050691,49.1,106.5999985,31.29999924
2025-02-25,73.11,2.4055213956051187,4.0,0,0,0,0,4.0,-2.4055213956051187,2.4055213956051187,74.88,74.89,73.11,73.49,75.01,74.76,72.85,72.31,22027.0,0,0,0,574.4884793,49.1,106.3099976,32.77000046
2025-02-26,73.49,0.5184186235555235,4.0,0,0,0,0,4.0,0.5184186235555235,0.5184186235555235,74.89,73.11,73.49,75.01,74.76,72.85,72.31,70.92,22027.0,0,0,0,574.2718894,49.1,106.4199982,33.36000061
2025-02-27,75.01,2.0472095440765172,4.0,0,0,0,0,4.0,2.0472095440765172,2.0472095440765172,73.11,73.49,75.01,74.76,72.85,72.31,70.92,71.08,22027.0,0,0,0,574.0552995,49.1,107.2399979,31.71999931
2025-02-28,74.76,0.3338455394182807,1.0,0,0,0,0,1.0,-0.3338455394182807,0.3338455394182807,73.49,75.01,74.76,72.85,72.31,70.92,71.08,72.49,0.0,0,0,0,573.8387097,50.2,107.6100006,29.96999931
2025-03-03,72.85,2.5880449946148385,1.0,0,0,0,0,1.0,-2.5880449946148385,2.5880449946148385,75.01,74.76,72.85,72.31,70.92,71.08,72.49,71.08,0.0,0,0,0,573.1889401,50.2,106.75,38.52000046
2025-03-04,72.31,0.7440100454353251,1.0,0,0,0,0,1.0,-0.7440100454353251,0.7440100454353251,74.76,72.85,72.31,70.92,71.08,72.49,71.08,71.51,0.0,0,0,0,572.9723502,50.2,105.7399979,37.52000046
2025-03-05,70.92,1.940995098085334,0.0,0,0,0,0,0.0,-1.940995098085334,1.940995098085334,72.85,72.31,70.92,71.08,72.49,71.08,71.51,72.36,0.0,0,0,0,572.7557604,50.2,105.7399979,35.04000092
2025-03-06,71.08,0.2253522080443474,0.0,0,0,0,0,0.0,0.2253522080443474,0.2253522080443474,72.31,70.92,71.08,72.49,71.08,71.51,72.36,70.82,0.0,0,0,0,572.5391705,50.2,104.0599976,37.13999939
2025-03-07,72.49,1.9642618026335812,0.0,0,0,0,0,0.0,1.9642618026335812,1.9642618026335812,70.92,71.08,72.49,71.08,71.51,72.36,70.82,71.94,151.0,0,0,0,572.3225806,50.2,103.8399963,29.75
2025-03-10,71.08,1.964261802633572,0.0,0,0,0,0,0.0,-1.964261802633572,1.964261802633572,71.08,72.49,71.08,71.51,72.36,70.82,71.94,71.93,151.0,0,0,0,571.6728111,50.2,103.9100037,34.81999969
2025-03-11,71.51,0.6031296773854049,5.0,5,0,1,3,5.0,0.6031296773854049,0.6031296773854049,72.49,71.08,71.51,72.36,70.82,71.94,71.93,71.93,151.0,0,0,0,571.4562212,50.2,103.4400024,31.82999992
2025-03-12,72.36,1.1816360466789724,5.0,0,0,0,0,5.0,1.1816360466789724,1.1816360466789724,71.08,71.51,72.36,70.82,71.94,71.93,71.93,71.94,151.0,0,0,0,571.2396313,50.2,103.6100006,31.09000015
2025-03-13,70.82,2.1512213843336783,5.0,0,0,0,0,5.0,-2.1512213843336783,2.1512213843336783,71.51,72.36,70.82,71.94,71.93,71.93,71.94,72.61,151.0,0,0,0,571.0230415,50.2,103.8300018,32.79999924
2025-03-14,71.94,1.5690991583720344,5.0,0,0,0,0,5.0,1.5690991583720344,1.5690991583720344,72.36,70.82,71.94,71.93,71.93,71.94,72.61,72.64,0.0,0,0,0,570.8064516,50.2,103.7200012,33.52000046
2025-03-17,71.93,0.0139014388212912,10.0,5,0,0,0,10.0,-0.0139014388212912,0.0139014388212912,70.82,71.94,71.93,71.93,71.94,72.61,72.64,73.96,0.0,0,0,0,570.156682,50.2,103.3700027,30.89999962
2025-03-18,71.93,0.0,11.0,1,0,0,0,11.0,0.0,0.0,71.94,71.93,71.93,71.94,72.61,72.64,73.96,73.78,0.0,0,0,0,569.9400922,50.2,103.2399979,36.11999893
2025-03-19,71.94,0.0139014388212907,12.0,1,0,0,0,12.0,0.0139014388212907,0.0139014388212907,71.93,71.93,71.94,72.61,72.64,73.96,73.78,74.6,0.0,0,0,0,569.7235023,50.2,103.4300003,33.86999893
2025-03-20,72.61,0.9270215124677446,10.0,3,0,0,10,10.0,0.9270215124677446,0.9270215124677446,71.93,71.94,72.61,72.64,73.96,73.78,74.6,74.72,0.0,0,0,0,569.5069124,50.2,103.8499985,29.71999931
2025-03-21,72.64,0.0413080900882595,10.0,0,0,0,0,10.0,0.0413080900882595,0.0413080900882595,71.94,72.61,72.64,73.96,73.78,74.6,74.72,74.69,82766.0,0,0,0,569.2903226,50.2,104.0899963,28.43000031
2025-03-24,73.96,1.8008672225886135,15.0,5,0,0,0,15.0,1.8008672225886135,1.8008672225886135,72.61,72.64,73.96,73.78,74.6,74.72,74.69,77.23,82766.0,0,0,0,568.640553,50.2,104.2600021,29.67000008
2025-03-25,73.78,0.24367143503944,16.0,1,0,0,0,16.0,-0.24367143503944,0.24367143503944,72.64,73.96,73.78,74.6,74.72,74.69,77.23,77.78,82766.0,0,0,0,568.4239631,50.2,104.1800003,28.27000046
2025-03-26,74.6,1.1052815041185604,12.0,1,0,0,0,12.0,1.1052815041185604,1.1052815041185604,73.96,73.78,74.6,74.72,74.69,77.23,77.78,77.27,82766.0,0,0,0,568.2073733,50.2,104.5500031,28.84000015
2025-03-27,74.72,0.1607286710872059,12.0,1,0,0,0,12.0,0.1607286710872059,0.1607286710872059,73.78,74.6,74.72,74.69,77.23,77.78,77.27,72.54,82766.0,0,0,0,567.9907834,50.2,104.0699997,28.48999977
2025-03-28,74.69,0.0401579551611853,11.0,0,0,0,0,11.0,-0.0401579551611853,0.0401579551611853,74.6,74.72,74.69,77.23,77.78,77.27,72.54,68.36,0.0,0,0,0,567.7741935,50.2,104.0400009,28.70000076
2025-03-31,77.23,3.344176821219722,10.0,2,0,0,0,10.0,3.344176821219722,3.344176821219722,74.72,74.69,77.23,77.78,77.27,72.54,68.36,66.13,0.0,0,0,0,567.124424,50.5,104.2099991,30.87999916
2025-04-01,77.78,0.7096346146428626,10.0,0,0,0,0,10.0,0.7096346146428626,0.7096346146428626,74.69,77.23,77.78,77.27,72.54,68.36,66.13,64.86,0.0,0,0,0,566.9078341,50.5,104.2600021,30.56999969
2025-04-02,77.27,0.6578546782108815,7.0,2,0,0,10,7.0,-0.6578546782108815,0.6578546782108815,77.23,77.78,77.27,72.54,68.36,66.13,64.86,67.3,0.0,0,0,0,566.6912442,50.5,103.8099976,29.97999954
2025-04-03,72.54,6.316764809073609,7.0,1,0,0,0,7.0,-6.316764809073609,6.316764809073609,77.78,77.27,72.54,68.36,66.13,64.86,67.3,65.37,0.0,0,0,0,566.4746544,50.5,102.0699997,35.45000076
2025-04-04,68.36,5.935027560736627,7.0,1,0,0,0,7.0,-5.935027560736627,5.935027560736627,77.27,72.54,68.36,66.13,64.86,67.3,65.37,66.83,0.0,0,0,0,566.2580645,50.5,103.0199966,44.72000122
2025-04-07,66.13,3.316535656081924,8.0,2,0,0,0,8.0,-3.316535656081924,3.316535656081924,72.54,68.36,66.13,64.86,67.3,65.37,66.83,67.18,0.0,0,0,0,565.6082949,50.5,103.2600021,52.81000137
2025-04-08,64.86,1.9391400807399,8.0,0,0,0,0,8.0,-1.9391400807399,1.9391400807399,68.36,66.13,64.86,67.3,65.37,66.83,67.18,66.58,0.0,0,0,0,565.3917051,50.5,102.9599991,55.25999832
2025-04-09,67.3,3.6929135771510233,7.0,1,0,0,0,7.0,3.6929135771510233,3.6929135771510233,66.13,64.86,67.3,65.37,66.83,67.18,66.58,67.94,0.0,0,0,0,565.1751152,50.5,102.9000015,42.90000153
2025-04-10,65.37,2.9096799026043816,7.0,0,0,0,0,7.0,-2.9096799026043816,2.9096799026043816,64.86,67.3,65.37,66.83,67.18,66.58,67.94,69.33,0.0,0,0,0,564.9585253,50.5,100.8700027,49.0
2025-04-11,66.83,2.20886438983404,6.0,1,0,0,0,6.0,2.20886438983404,2.20886438983404,67.3,65.37,66.83,67.18,66.58,67.94,69.33,68.93,21681.0,0,0,0,564.7419355,50.5,99.77999878,50.88000107
2025-04-14,67.18,0.5223502661167974,6.0,1,0,0,0,6.0,0.5223502661167974,0.5223502661167974,65.37,66.83,67.18,66.58,67.94,69.33,68.93,68.26,21681.0,0,0,0,564.0921659,50.5,99.63999939,47.75999832
2025-04-15,66.58,0.8971352037267877,5.0,0,0,0,0,5.0,-0.8971352037267877,0.8971352037267877,66.83,67.18,66.58,67.94,69.33,68.93,68.26,67.5,21681.0,0,0,0,563.875576,50.5,100.2200012,42.31000137
2025-04-16,67.94,2.0220730585558884,3.0,0,0,0,0,3.0,2.0220730585558884,2.0220730585558884,67.18,66.58,67.94,69.33,68.93,68.26,67.5,66.99,21681.0,0,0,0,563.6589862,50.5,99.37999725,43.56000137
2025-04-17,69.33,2.025275022196126,4.0,1,0,0,0,4.0,2.025275022196126,2.025275022196126,66.58,67.94,69.33,68.93,68.26,67.5,66.99,66.13,21681.0,0,0,0,563.4423963,50.5,99.37999725,41.27000046
2025-04-22,68.93,0.5786216056838452,13.0,10,0,0,0,13.0,-0.5786216056838452,0.5786216056838452,67.94,69.33,68.93,68.26,67.5,66.99,66.13,64.04,21681.0,0,0,0,562.359447,50.5,98.91999817,43.15000153
2025-04-23,68.26,0.9767553418999524,18.0,5,0,0,0,18.0,-0.9767553418999524,0.9767553418999524,69.33,68.93,68.26,67.5,66.99,66.13,64.04,63.37,21681.0,0,0,0,562.1428571,50.5,99.83999634,43.56000137
2025-04-24,67.5,1.119634560007687,17.0,0,0,0,0,17.0,-1.119634560007687,1.119634560007687,68.93,68.26,67.5,66.99,66.13,64.04,63.37,62.37,21681.0,0,0,0,561.9262673,50.5,99.29000092,44.36999893
2025-04-25,66.99,0.7584243358308034,16.0,0,0,0,0,16.0,-0.7584243358308034,0.7584243358308034,68.26,67.5,66.99,66.13,64.04,63.37,62.37,61.57,0.0,0,0,0,561.7096774,50.5,99.47000122,43.52999878
2025-04-28,66.13,1.292085283360522,20.0,4,0,0,4,20.0,-1.292085283360522,1.292085283360522,67.5,66.99,66.13,64.04,63.37,62.37,61.57,62.37,0.0,0,0,0,561.0599078,50.5,99.01000214,43.54999924
2025-04-29,64.04,3.2114613558056853,21.0,1,0,0,0,21.0,-3.2114613558056853,3.2114613558056853,66.99,66.13,64.04,63.37,62.37,61.57,62.37,60.31,0.0,0,0,0,560.843318,50.5,99.23999786,48.40999985
2025-04-30,63.37,1.0517324793088465,21.0,1,0,0,0,21.0,-1.0517324793088465,1.0517324793088465,66.13,64.04,63.37,62.37,61.57,62.37,60.31,62.22,0.0,0,0,0,560.6267281,49.0,99.47000122,54.45999908
2025-05-01,62.37,1.59061727973943,12.0,1,0,0,0,12.0,-1.59061727973943,1.59061727973943,64.04,63.37,62.37,61.57,62.37,60.31,62.22,64.26,0.0,0,0,0,560.4101382,49.0,100.25,51.95999908
2025-05-02,61.57,1.2909651614912472,7.0,0,0,0,0,7.0,-1.2909651614912472,1.2909651614912472,63.37,62.37,61.57,62.37,60.31,62.22,64.26,65.28,24323.0,0,0,0,560.1935484,49.0,100.0,50.59000015
2025-05-06,62.37,1.2909651614912545,9.0,2,0,1,0,9.0,1.2909651614912545,1.2909651614912545,62.37,61.57,62.37,60.31,62.22,64.26,65.28,66.93,24323.0,0,0,0,559.3271889,49.0,99.23999786,42.13999939
2025-05-07,60.31,3.3586463075135726,9.0,0,0,0,0,9.0,-3.3586463075135726,3.3586463075135726,61.57,62.37,60.31,62.22,64.26,65.28,66.93,65.91,24323.0,0,0,0,559.1105991,49.0,99.61000061,42.65999985
2025-05-08,62.22,3.117856400659554,5.0,0,0,0,0,5.0,3.117856400659554,3.117856400659554,62.37,60.31,62.22,64.26,65.28,66.93,65.91,64.36,24323.0,0,0,0,558.8940092,49.0,100.6399994,40.59999847
2025-05-09,64.26,3.226086221822148,4.0,0,0,0,0,4.0,3.226086221822148,3.226086221822148,60.31,62.22,64.26,65.28,66.93,65.91,64.36,65.2,201.0,0,0,0,558.6774194,49.0,100.3399963,39.81999969
2025-05-12,65.28,1.5748356968139112,5.0,2,0,1,0,5.0,1.5748356968139112,1.5748356968139112,62.22,64.26,65.28,66.93,65.91,64.36,65.2,66.25,201.0,0,0,0,558.0276498,49.0,101.7900009,37.5
2025-05-13,66.93,2.496158645669937,4.0,0,0,0,0,4.0,2.496158645669937,2.496158645669937,64.26,65.28,66.93,65.91,64.36,65.2,66.25,66.93,201.0,0,0,0,557.8110599,49.0,101.0,36.70999908
2025-05-14,65.91,1.5357122047922485,4.0,0,0,0,0,4.0,-1.5357122047922485,1.5357122047922485,65.28,66.93,65.91,64.36,65.2,66.25,66.93,65.86,201.0,0,0,0,557.59447,49.0,101.0400009,36.72000122
2025-05-15,64.36,2.3797852940446065,2.0,0,0,0,0,2.0,-2.3797852940446065,2.3797852940446065,66.93,65.91,64.36,65.2,66.25,66.93,65.86,64.87,201.0,0,0,0,557.3778802,49.0,100.8799973,37.40000153
2025-05-16,65.2,1.2967146808424823,2.0,0,0,0,0,2.0,1.2967146808424823,1.2967146808424823,65.91,64.36,65.2,66.25,66.93,65.86,64.87,65.41,0.0,0,0,0,557.1612903,49.0,101.0899963,37.88000107
2025-05-19,66.25,1.5975995933724174,2.0,0,0,0,0,2.0,1.5975995933724174,1.5975995933724174,64.36,65.2,66.25,66.93,65.86,64.87,65.41,64.32,0.0,0,0,0,556.5115207,49.0,100.4300003,38.0
2025-05-20,66.93,1.0211832246219297,2.0,0,0,0,0,2.0,1.0211832246219297,1.0211832246219297,65.2,66.25,66.93,65.86,64.87,65.41,64.32,65.72,0.0,0,0,0,556.2949309,49.0,100.1200027,34.61999893
2025-05-21,65.86,1.611602016433268,0.0,0,0,0,0,0.0,-1.611602016433268,1.611602016433268,66.25,66.93,65.86,64.87,65.41,64.32,65.72,64.6,0.0,0,0,0,556.078341,49.0,99.55999756,39.11999893
2025-05-22,64.87,1.5146009723254164,0.0,0,0,0,0,0.0,-1.5146009723254164,1.5146009723254164,66.93,65.86,64.87,65.41,64.32,65.72,64.6,64.32,0.0,0,0,0,555.8617512,49.0,99.95999908,41.43999863
2025-05-23,65.41,0.8289884748157297,0.0,0,0,0,0,0.0,0.8289884748157297,0.8289884748157297,65.86,64.87,65.41,64.32,65.72,64.6,64.32,66.55,28007.0,0,0,0,555.6451613,49.0,99.11000061,43.13000107
2025-05-27,64.32,1.6804527102410545,1.0,1,0,0,1,1.0,-1.6804527102410545,1.6804527102410545,64.87,65.41,64.32,65.72,64.6,64.32,66.55,67.48,28007.0,0,0,0,554.7788018,49.0,99.51999664,41.93999863
2025-05-28,65.72,2.153266829835656,1.0,0,0,0,0,1.0,2.153266829835656,2.153266829835656,65.41,64.32,65.72,64.6,64.32,66.55,67.48,66.69,28007.0,0,0,0,554.562212,49.0,99.87999725,40.41999817
2025-05-29,64.6,1.7188882380511268,1.0,0,0,0,0,1.0,-1.7188882380511268,1.7188882380511268,64.32,65.72,64.6,64.32,66.55,67.48,66.69,67.14,28007.0,0,0,0,554.3456221,49.0,99.27999878,40.25999832
2025-05-30,64.32,0.4343785917845307,1.0,0,0,0,0,1.0,-0.4343785917845307,0.4343785917845307,65.72,64.6,64.32,66.55,67.48,66.69,67.14,68.02,0.0,0,0,0,554.1290323,49.0,99.33000183,40.70999908
2025-06-02,66.55,3.408291997040977,1.0,0,0,0,0,1.0,3.408291997040977,3.408291997040977,64.6,64.32,66.55,67.48,66.69,67.14,68.02,68.73,0.0,0,0,0,553.4792627,49.5,98.69999695,38.70000076
2025-06-03,67.48,1.3877712836647114,1.0,0,0,0,0,1.0,1.3877712836647114,1.3877712836647114,64.32,66.55,67.48,66.69,67.14,68.02,68.73,68.41,0.0,0,0,0,553.2626728,49.5,99.25,37.75
2025-06-04,66.69,1.177624103355272,1.0,0,0,0,0,1.0,-1.177624103355272,1.177624103355272,66.55,67.48,66.69,67.14,68.02,68.73,68.41,71.29,0.0,0,0,0,553.0460829,49.5,98.79000092,37.70000076
2025-06-05,67.14,0.6724974907673916,0.0,0,0,0,0,0.0,0.6724974907673916,0.6724974907673916,67.48,66.69,67.14,68.02,68.73,68.41,71.29,70.84,0.0,0,0,0,552.8294931,49.5,98.73999786,34.88999939
2025-06-06,68.02,1.3021788027160492,0.0,0,0,0,0,0.0,1.3021788027160492,1.3021788027160492,66.69,67.14,68.02,68.73,68.41,71.29,70.84,76.0,1119.0,0,0,0,552.6129032,49.5,99.19000244,35.72000122
2025-06-09,68.73,1.038400555446455,0.0,0,0,0,0,0.0,1.038400555446455,1.038400555446455,67.14,68.02,68.73,68.41,71.29,70.84,76.0,75.05,1119.0,0,0,0,551.9631336,49.5,98.94000244,34.41999817
2025-06-10,68.41,0.4666772360607312,1.0,1,0,0,1,1.0,-0.4666772360607312,0.4666772360607312,68.02,68.73,68.41,71.29,70.84,76.0,75.05,78.7,1119.0,0,0,0,551.7465438,49.5,99.05000305,35.04999924
2025-06-11,71.29,4.123705235663054,1.0,0,0,0,0,1.0,4.123705235663054,4.123705235663054,68.73,68.41,71.29,70.84,76.0,75.05,78.7,78.38,1119.0,0,0,0,551.5299539,49.5,98.62999725,43.24000168
2025-06-12,70.84,0.6332252214904317,1.0,0,0,0,0,1.0,-0.6332252214904317,0.6332252214904317,68.41,71.29,70.84,76.0,75.05,78.7,78.38,80.37,1119.0,0,0,0,551.3133641,49.5,97.91999817,45.36999893
2025-06-13,76.0,7.030952737169817,1.0,0,0,0,0,1.0,7.030952737169817,7.030952737169817,71.29,70.84,76.0,75.05,78.7,78.38,80.37,78.73,0.0,0,0,0,551.0967742,49.5,98.18000031,72.22999954
2025-06-16,75.05,1.2578782206860186,1.0,0,0,0,0,1.0,-1.2578782206860186,1.2578782206860186,70.84,76.0,75.05,78.7,78.38,80.37,78.73,74.34,0.0,0,0,0,550.4470046,49.5,98.0,71.59999847
2025-06-17,78.7,4.748859734388673,1.0,0,0,0,0,1.0,4.748859734388673,4.748859734388673,76.0,75.05,78.7,78.38,80.37,78.73,74.34,69.13,0.0,0,0,0,550.2304147,49.5,98.81999969,86.55999756
2025-06-18,78.38,0.4074362651872199,1.0,0,0,0,0,1.0,-0.4074362651872199,0.4074362651872199,75.05,78.7,78.38,80.37,78.73,74.34,69.13,68.4,0.0,0,0,0,550.0138249,49.5,98.91000366,81.86000061
2025-06-19,80.37,2.5072179453141685,0.0,0,0,0,0,0.0,2.5072179453141685,2.5072179453141685,78.7,78.38,80.37,78.73,74.34,69.13,68.4,68.57,0.0,0,0,0,549.797235,49.5,97.95947585,42.8249701
2025-06-20,78.73,2.061669502825125,0.0,0,0,0,0,0.0,-2.061669502825125,2.061669502825125,78.38,80.37,78.73,74.34,69.13,68.4,68.57,69.37,80649.0,0,0,0,549.5806452,49.5,98.70999908,79.66999817
2025-06-23,74.34,5.73751123272698,0.0,0,0,0,0,0.0,-5.73751123272698,5.73751123272698,80.37,78.73,74.34,69.13,68.4,68.57,69.37,68.15,80649.0,0,0,0,548.9308756,49.5,98.41999817,68.65000153
2025-06-24,69.13,7.266037491193251,0.0,0,0,0,0,0.0,-7.266037491193251,7.266037491193251,78.73,74.34,69.13,68.4,68.57,69.37,68.15,67.63,80649.0,0,0,0,548.7142857,49.5,97.86000061,63.79999924
2025-06-25,68.4,1.0615965328668702,0.0,0,0,0,0,0.0,-1.0615965328668702,1.0615965328668702,74.34,69.13,68.4,68.57,69.37,68.15,67.63,70.8,80649.0,0,0,0,548.4976959,49.5,97.68000031,42.75
2025-06-26,68.57,0.2482296667768098,0.0,0,0,0,0,0.0,0.2482296667768098,0.2482296667768098,69.13,68.4,68.57,69.37,68.15,67.63,70.8,70.42,80649.0,0,0,0,548.281106,49.5,97.15000153,41.86000061
2025-06-27,69.37,1.1599376100936991,1.0,1,0,0,0,1.0,1.1599376100936991,1.1599376100936991,68.4,68.57,69.37,68.15,67.63,70.8,70.42,71.03,0.0,0,0,0,548.0645161,49.5,97.40000153,41.22999954
2025-06-30,68.15,1.774333925466829,1.0,0,0,0,0,1.0,-1.774333925466829,1.774333925466829,68.57,69.37,68.15,67.63,70.8,70.42,71.03,71.95,0.0,0,0,0,547.4147465,49.7,96.87999725,38.88999939
2025-07-01,67.63,0.7659486555693235,1.0,0,0,0,0,1.0,-0.7659486555693235,0.7659486555693235,69.37,68.15,67.63,70.8,70.42,71.03,71.95,72.5,0.0,0,0,0,547.1981567,49.7,96.81999969,38.0
2025-07-02,70.8,4.580732911282555,1.0,0,0,0,0,1.0,4.580732911282555,4.580732911282555,68.15,67.63,70.8,70.42,71.03,71.95,72.5,71.98,0.0,0,0,0,546.9815668,49.7,96.77999878,40.24000168
2025-07-03,70.42,0.5381686972767558,1.0,0,0,0,0,1.0,-0.5381686972767558,0.5381686972767558,67.63,70.8,70.42,71.03,71.95,72.5,71.98,70.38,0.0,0,0,0,546.764977,49.7,97.18000031,37.75
2025-07-04,71.03,0.8625009282812087,1.0,0,0,0,0,1.0,0.8625009282812087,0.8625009282812087,70.8,70.42,71.03,71.95,72.5,71.98,70.38,72.06,0.0,0,0,0,546.5483871,49.7,97.96580775,31.68797512
2025-07-07,71.95,1.2869110323658346,9.0,8,0,0,2,9.0,1.2869110323658346,1.2869110323658346,70.42,71.03,71.95,72.5,71.98,70.38,72.06,70.96,0.0,0,0,0,545.8986175,49.7,97.48000336,41.22999954
2025-07-08,72.5,0.7615128527252122,9.0,1,0,0,2,9.0,0.7615128527252122,0.7615128527252122,71.03,71.95,72.5,71.98,70.38,72.06,70.96,70.27,0.0,0,0,0,545.6820276,49.7,97.51000214,35.70999908
2025-07-09,71.98,0.7198259209744408,9.0,0,0,0,0,9.0,-0.7198259209744408,0.7198259209744408,71.95,72.5,71.98,70.38,72.06,70.96,70.27,69.67,0.0,0,0,0,545.4654378,49.7,97.47000122,34.16999817
2025-07-10,70.38,2.2479170757445677,9.0,0,0,0,0,9.0,-2.2479170757445677,2.2479170757445677,72.5,71.98,70.38,72.06,70.96,70.27,69.67,71.32,0.0,0,0,0,545.2488479,49.7,97.65000153,32.79999924
2025-07-11,72.06,2.3589973426508117,9.0,0,0,0,0,9.0,2.3589973426508117,2.3589973426508117,71.98,70.38,72.06,70.96,70.27,69.67,71.32,71.06,27891.0,0,0,0,545.0322581,49.7,97.84999847,37.06000137
2025-07-14,70.96,1.5382767318623267,9.0,0,0,0,0,9.0,-1.5382767318623267,1.5382767318623267,70.38,72.06,70.96,70.27,69.67,71.32,71.06,71.92,27891.0,0,0,0,544.3824885,49.7,98.08000183,33.52999878
2025-07-15,70.27,0.977137279721768,9.0,0,0,0,0,9.0,-0.977137279721768,0.977137279721768,72.06,70.96,70.27,69.67,71.32,71.06,71.92,69.69,27891.0,0,0,0,544.1658986,49.7,98.62000275,34.38000107
2025-07-16,69.67,0.8575156162078754,1.0,0,0,0,0,1.0,-0.8575156162078754,0.8575156162078754,70.96,70.27,69.67,71.32,71.06,71.92,69.69,69.17,27891.0,0,0,0,543.9493088,49.7,98.38999939,33.15999985
2025-07-17,71.32,2.340698395291193,0.0,0,0,0,0,0.0,2.340698395291193,2.340698395291193,70.27,69.67,71.32,71.06,71.92,69.69,69.17,70.42,27891.0,0,0,0,543.7327189,49.7,98.73000336,32.84000015
2025-07-18,71.06,0.3652202402058558,0.0,0,0,0,0,0.0,-0.3652202402058558,0.3652202402058558,69.67,71.32,71.06,71.92,69.69,69.17,70.42,69.23,0.0,0,0,0,543.516129,49.7,98.48000336,32.16999817
2025-07-21,71.92,1.2029799570483786,1.0,1,0,0,7,1.0,1.2029799570483786,1.2029799570483786,71.32,71.06,71.92,69.69,69.17,70.42,69.23,70.87,0.0,0,0,0,542.8663594,49.7,97.84999847,31.37999916
2025-07-22,69.69,3.149755471293741,1.0,0,0,0,0,1.0,-3.149755471293741,3.149755471293741,71.06,71.92,69.69,69.17,70.42,69.23,70.87,73.21,0.0,0,0,0,542.6497696,49.7,97.38999939,32.25999832
2025-07-23,69.17,0.7489592837934094,1.0,0,0,0,0,1.0,-0.7489592837934094,0.7489592837934094,71.92,69.69,69.17,70.42,69.23,70.87,73.21,73.98,0.0,0,0,0,542.4331797,49.7,97.20999908,32.38999939
2025-07-24,70.42,1.791007111441301,1.0,0,0,0,0,1.0,1.791007111441301,1.791007111441301,69.69,69.17,70.42,69.23,70.87,73.21,73.98,73.43,0.0,0,0,0,542.2165899,49.7,97.37999725,32.36999893
2025-07-25,69.23,1.7043019036972338,1.0,0,0,0,0,1.0,-1.7043019036972338,1.7043019036972338,69.17,70.42,69.23,70.87,73.21,73.98,73.43,70.55,530.0,0,0,0,542.0,49.7,97.65000153,32.88000107
2025-07-28,70.87,2.3412918132230542,1.0,0,0,0,0,1.0,2.3412918132230542,2.3412918132230542,70.42,69.23,70.87,73.21,73.98,73.43,70.55,69.56,530.0,0,0,0,542.0,49.7,98.66000366,35.36999893
2025-07-29,73.21,3.2484810836386435,1.0,0,0,0,0,1.0,3.2484810836386435,3.2484810836386435,69.23,70.87,73.21,73.98,73.43,70.55,69.56,69.14,530.0,0,0,0,542.0,49.7,98.91000366,38.04000092
2025-07-30,73.98,1.0462762745756709,0.0,0,0,0,0,0.0,1.0462762745756709,1.0462762745756709,70.87,73.21,73.98,73.43,70.55,69.56,69.14,67.97,530.0,0,0,0,542.0,49.7,99.94000244,37.75
2025-07-31,73.43,0.7462214940788778,0.0,0,0,0,0,0.0,-0.7462214940788778,0.7462214940788778,73.21,73.98,73.43,70.55,69.56,69.14,67.97,66.99,530.0,0,0,0,542.0,49.3,100.0299988,36.77999878
2025-08-01,70.55,4.001089316469629,0.0,0,0,0,0,0.0,-4.001089316469629,4.001089316469629,73.98,73.43,70.55,69.56,69.14,67.97,66.99,67.17,0.0,0,0,0,542.0,49.3,98.69000244,39.36999893
2025-08-04,69.56,1.4131988812740666,3.0,3,0,0,0,3.0,-1.4131988812740666,1.4131988812740666,73.43,70.55,69.56,69.14,67.97,66.99,67.17,67.36,0.0,0,0,0,542.0,49.3,98.77999878,38.79000092
2025-08-05,69.14,0.605625499260379,3.0,0,0,0,0,3.0,-0.605625499260379,0.605625499260379,70.55,69.56,69.14,67.97,66.99,67.17,67.36,66.8,0.0,0,0,0,542.0,49.3,98.77999878,35.29999924
2025-08-06,67.97,1.7067003134931615,4.0,1,0,0,0,4.0,-1.7067003134931615,1.7067003134931615,69.56,69.14,67.97,66.99,67.17,67.36,66.8,66.25,0.0,0,0,0,542.0,49.3,98.18000031,36.66999817
2025-08-07,66.99,1.4523076838370728,4.0,0,0,0,0,4.0,-1.4523076838370728,1.4523076838370728,69.14,67.97,66.99,67.17,67.36,66.8,66.25,68.12,0.0,0,0,0,542.0,49.3,98.40000153,35.00999832
2025-08-08,67.17,0.2683364758597027,4.0,0,0,0,0,4.0,0.2683364758597027,0.2683364758597027,67.97,66.99,67.17,67.36,66.8,66.25,68.12,67.3,80809.0,0,0,0,542.0,49.3,98.18000031,34.06000137
2025-08-11,67.36,0.2824650655298019,4.0,0,0,0,0,4.0,0.2824650655298019,0.2824650655298019,66.99,67.17,67.36,66.8,66.25,68.12,67.3,68.18,80809.0,0,0,0,542.0,49.3,98.51999664,31.39999962
2025-08-12,66.8,0.8348289391471274,4.0,0,0,0,0,4.0,-0.8348289391471274,0.8348289391471274,67.17,67.36,66.8,66.25,68.12,67.3,68.18,66.62,80809.0,0,0,0,542.0,49.3,98.09999847,30.30999947
2025-08-13,66.25,0.8267615676268363,1.0,0,0,0,0,1.0,-0.8267615676268363,0.8267615676268363,67.36,66.8,66.25,68.12,67.3,68.18,66.62,67.61,80809.0,0,0,0,542.0,49.3,97.83999634,33.81999969
2025-08-14,68.12,2.783539092815597,1.0,0,0,0,0,1.0,2.783539092815597,2.783539092815597,66.8,66.25,68.12,67.3,68.18,66.62,67.61,68.41,80809.0,0,0,0,542.0,49.3,98.25,35.95999908
2025-08-15,67.3,1.211061914380553,0.0,0,0,0,0,0.0,-1.211061914380553,1.211061914380553,66.25,68.12,67.3,68.18,66.62,67.61,68.41,68.29,0.0,0,0,0,542.0,49.3,97.84999847,37.22000122
2025-08-18,68.18,1.2991030059075088,6.0,6,0,0,0,6.0,1.2991030059075088,1.2991030059075088,68.12,67.3,68.18,66.62,67.61,68.41,68.29,66.89,0.0,0,0,0,542.0,49.3,98.16999817,32.15000153
2025-08-19,66.62,2.3146433944223532,6.0,0,0,0,0,6.0,-2.3146433944223532,2.3146433944223532,67.3,68.18,66.62,67.61,68.41,68.29,66.89,67.75,0.0,0,0,0,542.0,49.3,98.26999664,33.04000092
2025-08-20,67.61,1.4751068337052833,6.0,0,0,0,0,6.0,1.4751068337052833,1.4751068337052833,68.18,66.62,67.61,68.41,68.29,66.89,67.75,68.61,0.0,0,0,0,542.0,49.3,98.22000122,32.50999832
2025-08-21,68.41,1.1763111670320094,6.0,0,0,0,0,6.0,1.1763111670320094,1.1763111670320094,66.62,67.61,68.41,68.29,66.89,67.75,68.61,67.83,0.0,0,0,0,542.0,49.3,98.62000275,31.54000092
2025-08-22,68.29,0.1755669799908639,6.0,0,0,0,0,6.0,-0.1755669799908639,0.1755669799908639,67.61,68.41,68.29,66.89,67.75,68.61,67.83,67.09,59080.0,0,0,0,542.0,49.3,97.72000122,30.35000038
2025-08-26,66.89,2.0713863842681266,7.0,1,0,0,0,7.0,-2.0713863842681266,2.0713863842681266,68.41,68.29,66.89,67.75,68.61,67.83,67.09,68.09,59080.0,0,0,0,542.0,49.3,98.23000336,33.72999954
2025-08-27,67.75,1.277498062949366,7.0,0,0,0,0,7.0,1.277498062949366,1.277498062949366,68.29,66.89,67.75,68.61,67.83,67.09,68.09,67.76,59080.0,0,0,0,542.0,49.3,98.23000336,31.94000053
2025-08-28,68.61,1.2613836942989145,5.0,4,0,0,0,5.0,1.2613836942989145,1.2613836942989145,66.89,67.75,68.61,67.83,67.09,68.09,67.76,66.41,59080.0,0,0,0,542.0,49.3,97.80999756,33.97999954
2025-08-29,67.83,1.1433721744811267,5.0,0,0,0,0,5.0,-1.1433721744811267,1.1433721744811267,67.75,68.61,67.83,67.09,68.09,67.76,66.41,64.92,20795.0,0,0,0,542.0,49.3,97.76999664,32.63000107
2025-09-01,67.09,1.09695733831914,6.0,1,1,0,0,6.0,-1.09695733831914,1.09695733831914,68.61,67.83,67.09,68.09,67.76,66.41,64.92,65.44,20795.0,0,0,0,542.0,49.4,97.98986896,34.49267764
2025-09-02,68.09,1.479535792007869,7.0,1,0,0,0,7.0,1.479535792007869,1.479535792007869,67.83,67.09,68.09,67.76,66.41,64.92,65.44,67.97,20795.0,0,0,0,542.0,49.4,98.40000153,34.27999878
2025-09-03,67.76,0.4858309151076294,7.0,0,0,0,0,7.0,-0.4858309151076294,0.4858309151076294,67.09,68.09,67.76,66.41,64.92,65.44,67.97,67.62,20795.0,0,0,0,542.0,49.4,98.13999939,35.22000122
2025-09-04,66.41,2.0124402791176745,7.0,1,0,0,0,7.0,-2.0124402791176745,2.0124402791176745,68.09,67.76,66.41,64.92,65.44,67.97,67.62,67.25,20795.0,0,0,0,542.0,49.4,98.34999847,35.02999878
2025-09-05,64.92,2.26919049062318,7.0,0,0,0,0,7.0,-2.26919049062318,2.26919049062318,67.76,66.41,64.92,65.44,67.97,67.62,67.25,67.87,1646.0,0,0,0,542.0,49.4,97.76999664,33.33000183
2025-09-08,65.44,0.7977949648101178,3.0,0,0,0,0,3.0,0.7977949648101178,0.7977949648101178,66.41,64.92,65.44,67.97,67.62,67.25,67.87,67.88,1646.0,0,0,0,542.0,49.4,97.44999695,35.02999878
2025-09-09,67.97,3.7932739064055303,3.0,0,0,0,0,3.0,3.7932739064055303,3.7932739064055303,64.92,65.44,67.97,67.62,67.25,67.87,67.88,69.69,1646.0,0,0,0,542.0,49.4,97.79000092,33.43999863
2025-09-10,67.62,0.5162634078806831,2.0,0,0,0,0,2.0,-0.5162634078806831,0.5162634078806831,65.44,67.97,67.62,67.25,67.87,67.88,69.69,69.19,1646.0,0,0,0,542.0,49.4,97.77999878,33.34999847
2025-09-11,67.25,0.5486778797791492,1.0,0,0,0,0,1.0,-0.5486778797791492,0.5486778797791492,67.97,67.62,67.25,67.87,67.88,69.69,69.19,67.83,1646.0,0,0,0,542.0,49.4,97.54000092,33.95999908
2025-09-12,67.87,0.9177092233718496,1.0,0,0,0,0,1.0,0.9177092233718496,0.9177092233718496,67.62,67.25,67.87,67.88,69.69,69.19,67.83,67.05,0.0,0,0,0,542.0,49.4,97.55000305,31.77000046
2025-09-15,67.88,0.0147329650358355,0.0,0,0,0,0,0.0,0.0147329650358355,0.0147329650358355,67.25,67.87,67.88,69.69,69.19,67.83,67.05,66.87,0.0,0,0,0,542.0,49.4,97.30000305,30.97999954
2025-09-16,69.69,2.6315395084401865,1.0,1,0,0,0,1.0,2.6315395084401865,2.6315395084401865,67.87,67.88,69.69,69.19,67.83,67.05,66.87,67.96,0.0,0,0,0,542.0,49.4,96.62999725,33.16999817
2025-09-17,69.19,0.720049193970774,1.0,0,0,0,0,1.0,-0.720049193970774,0.720049193970774,67.88,69.69,69.19,67.83,67.05,66.87,67.96,69.64,0.0,0,0,0,542.0,49.4,96.87000275,31.04999924
2025-09-18,67.83,1.985176855273147,1.0,0,0,0,0,1.0,-1.985176855273147,1.985176855273147,69.69,69.19,67.83,67.05,66.87,67.96,69.64,70.48,0.0,0,0,0,542.0,49.4,97.34999847,31.87999916
2025-09-19,67.05,1.1565965230300643,1.0,0,0,0,0,1.0,-1.1565965230300643,1.1565965230300643,69.19,67.83,67.05,66.87,67.96,69.64,70.48,71.15,0.0,0,0,0,542.0,49.4,97.63999939,30.53000069
2025-09-22,66.87,0.2688173661800191,1.0,0,0,0,0,1.0,-0.2688173661800191,0.2688173661800191,67.83,67.05,66.87,67.96,69.64,70.48,71.15,69.0,0.0,0,0,0,542.0,49.4,97.33000183,30.87999916
2025-09-23,67.96,1.6168860737843964,2.0,1,0,0,0,2.0,1.6168860737843964,1.6168860737843964,67.05,66.87,67.96,69.64,70.48,71.15,69.0,68.52,0.0,0,0,0,542.0,49.4,97.26000214,32.58000183
2025-09-24,69.64,2.441981809625721,2.0,0,0,0,0,2.0,2.441981809625721,2.441981809625721,66.87,67.96,69.64,70.48,71.15,69.0,68.52,66.67,0.0,0,0,0,542.0,49.4,97.87000275,34.08000183
2025-09-25,70.48,1.1989866727935732,9.0,8,0,0,31,9.0,1.1989866727935732,1.1989866727935732,67.96,69.64,70.48,71.15,69.0,68.52,66.67,,0.0,0,0,0,542.0,49.4,98.55000305,36.84999847
2025-09-26,71.15,0.9461342907937262,9.0,0,0,0,0,9.0,0.9461342907937262,0.9461342907937262,69.64,70.48,71.15,69.0,68.52,66.67,,,0.0,0,0,0,542.0,49.4,98.15000153,35.84999847
2025-09-29,69.0,3.0683819938602097,10.0,1,0,0,1,10.0,-3.0683819938602097,3.0683819938602097,70.48,71.15,69.0,68.52,66.67,,,,0.0,0,0,0,542.0,49.4,97.91000366,35.54000092
2025-09-30,68.52,0.6980831141340317,10.0,0,0,0,0,10.0,-0.6980831141340317,0.6980831141340317,71.15,69.0,68.52,66.67,,,,,0.0,0,0,0,542.0,49.8,97.76999664,35.58000183
2025-10-01,66.67,2.7370596825950377,10.0,0,0,0,0,10.0,-2.7370596825950377,2.7370596825950377,69.0,68.52,66.67,,,,,,0.0,0,0,0,542.0,49.8,97.70999908,36.38999939
